Baby,Time,Start Side,Left duration (min),Right duration (min),Total Duration (min),Note
Asher,"23/02/2025, 20:04",,7,8,15
Asher,"23/02/2025, 17:13",Left,5,,5
Asher,"23/02/2025, 16:57",Right,,8,8
Asher,"23/02/2025, 15:18",Left,7,,7
Asher,"23/02/2025, 11:04",Right,,6,6
Asher,"23/02/2025, 08:28",Right,,5,5
Asher,"23/02/2025, 05:20",Left,,3,3
Asher,"23/02/2025, 04:01",Right,,9,9
Asher,"23/02/2025, 02:50",Right,,9,9
Asher,"22/02/2025, 23:44",Left,20,,20
Asher,"22/02/2025, 20:22",Right,,7,7
Asher,"22/02/2025, 17:01",Left,9,,9
Asher,"22/02/2025, 14:33",Right,,10,10
Asher,"22/02/2025, 13:40",Left,9,,9
Asher,"22/02/2025, 10:25",Right,,4,4
Asher,"22/02/2025, 08:10",Left,5,,5
Asher,"22/02/2025, 06:05",Right,,6,6
Asher,"22/02/2025, 03:50",Left,7,,7
Asher,"21/02/2025, 22:05",Right,,5,5
Asher,"21/02/2025, 19:19",Left,4,,4
Asher,"21/02/2025, 16:20",Right,,6,6
Asher,"21/02/2025, 12:30",Left,6,,6
Asher,"21/02/2025, 09:35",Left,1,7,8
Asher,"21/02/2025, 06:50",Left,5,,5
Asher,"21/02/2025, 04:54",Right,,7,7
Asher,"21/02/2025, 02:20",Left,20,,20
Asher,"21/02/2025, 00:06",Right,,7,7
Asher,"20/02/2025, 20:03",Left,10,,10
Asher,"20/02/2025, 19:13",Right,,9,9
Asher,"20/02/2025, 16:10",Left,9,,9
Asher,"20/02/2025, 13:10",Right,,5,5
Asher,"20/02/2025, 12:33",Right,,4,4
Asher,"20/02/2025, 11:56",Left,5,,5
Asher,"20/02/2025, 09:33",Right,,6,6
Asher,"19/02/2025, 23:53",Left,10,,10
Asher,"19/02/2025, 19:52",Right,,6,6
Asher,"19/02/2025, 18:15",Left,6,,6
Asher,"19/02/2025, 15:05",Right,,6,6
Asher,"19/02/2025, 14:44",Left,5,,5
Asher,"19/02/2025, 10:29",Right,,8,8
Asher,"19/02/2025, 06:25",Left,6,,6
Asher,"19/02/2025, 03:30",Right,,7,7
Asher,"19/02/2025, 02:08",Left,6,,6
Asher,"18/02/2025, 23:32",Left,10,,10
Asher,"18/02/2025, 20:03",Right,,18,18
Asher,"18/02/2025, 17:24",Left,5,,5
Asher,"18/02/2025, 15:08",Right,,6,6
Asher,"18/02/2025, 12:31",Left,6,,6
Asher,"18/02/2025, 09:11",Right,,5,5
Asher,"18/02/2025, 07:22",Left,6,,6
Asher,"18/02/2025, 06:22",Right,,7,7
Asher,"18/02/2025, 03:08",Left,8,,8
Asher,"17/02/2025, 23:26",Right,,5,5
Asher,"17/02/2025, 19:04",Right,,8,8
Asher,"17/02/2025, 13:20",Right,,6,6
Asher,"17/02/2025, 08:00",Left,5,,5
Asher,"17/02/2025, 02:55",Right,,6,6
Asher,"17/02/2025, 00:25",Left,11,5,16
Asher,"16/02/2025, 19:55",Right,,8,8
Asher,"16/02/2025, 18:17",Left,15,,15
Asher,"16/02/2025, 17:47",Left,5,,5
Asher,"16/02/2025, 14:40",Right,,7,7
Asher,"16/02/2025, 11:47",Left,9,,9
Asher,"16/02/2025, 09:34",Left,7,,7
Asher,"16/02/2025, 02:08",Left,7,,7
Asher,"15/02/2025, 21:24",Right,,6,6
Asher,"15/02/2025, 20:29",Left,5,,5
Asher,"15/02/2025, 16:30",Right,,5,5
Asher,"15/02/2025, 13:35",Left,7,,7
Asher,"15/02/2025, 10:17",Right,3,2,5
Asher,"15/02/2025, 07:15",Right,,8,8
Asher,"15/02/2025, 05:20",,5,5,10
Asher,"14/02/2025, 23:40",Right,,7,7
Asher,"14/02/2025, 20:02",Left,19,,19
Asher,"14/02/2025, 19:06",Left,5,,5
Asher,"14/02/2025, 15:24",Left,6,,6
Asher,"14/02/2025, 11:12",Right,,9,9
Asher,"14/02/2025, 09:07",Left,5,,5
Asher,"13/02/2025, 23:02",Left,1,6,7
Asher,"13/02/2025, 20:05",Left,7,,7
Asher,"13/02/2025, 18:08",Right,,10,10
Asher,"13/02/2025, 13:40",Right,,6,6
Asher,"13/02/2025, 10:25",Left,6,,6
Asher,"13/02/2025, 08:15",Right,,6,6
Asher,"13/02/2025, 06:10",Left,5,,5
Asher,"13/02/2025, 02:57",Right,,7,7
Asher,"13/02/2025, 00:14",Left,6,,6
Asher,"12/02/2025, 21:44",Right,,16,16
Asher,"12/02/2025, 20:00",Left,9,,9
Asher,"12/02/2025, 17:31",Right,,5,5
Asher,"12/02/2025, 10:07",Left,6,,6
Asher,"12/02/2025, 07:09",Right,,5,5
Asher,"12/02/2025, 04:50",Left,1,6,7
Asher,"12/02/2025, 01:40",Left,7,,7
Asher,"11/02/2025, 23:16",Right,,8,8
Asher,"11/02/2025, 19:12",Left,7,,7
Asher,"11/02/2025, 17:45",Right,,6,6
Asher,"11/02/2025, 15:29",Left,6,,6
Asher,"11/02/2025, 12:14",Right,,7,7
Asher,"11/02/2025, 09:44",Left,12,,12
Asher,"11/02/2025, 07:18",Right,,5,5
Asher,"11/02/2025, 04:18",Right,,6,6
Asher,"11/02/2025, 02:23",Left,8,,8
Asher,"10/02/2025, 22:48",Right,,8,8
Asher,"10/02/2025, 19:50",Left,8,,8
Asher,"10/02/2025, 17:14",Right,,6,6
Asher,"10/02/2025, 14:08",Left,7,,7
Asher,"10/02/2025, 11:15",Right,,6,6
Asher,"10/02/2025, 10:14",Left,5,,5
Asher,"10/02/2025, 06:38",Left,8,,8
Asher,"10/02/2025, 04:52",Right,,5,5
Asher,"10/02/2025, 02:23",Right,,5,5
Asher,"09/02/2025, 23:15",Left,10,,10
Asher,"09/02/2025, 20:01",Right,,7,7
Asher,"09/02/2025, 18:41",Left,7,,7
Asher,"09/02/2025, 15:21",Left,6,,6
Asher,"09/02/2025, 13:13",Right,,5,5
Asher,"09/02/2025, 12:24",Right,,4,4
Asher,"09/02/2025, 09:02",Right,,5,5
Asher,"09/02/2025, 05:19",Left,5,,5
Asher,"09/02/2025, 02:30",Right,,5,5
Asher,"08/02/2025, 23:23",Right,,5,5
Asher,"08/02/2025, 19:42",Left,8,2,10
Asher,"08/02/2025, 18:12",Right,,5,5
Asher,"08/02/2025, 15:59",Right,,7,7
Asher,"08/02/2025, 13:04",Left,11,,11
Asher,"08/02/2025, 09:20",Left,6,,6
Asher,"08/02/2025, 06:38",Right,,7,7
Asher,"08/02/2025, 04:50",Right,,5,5
Asher,"08/02/2025, 03:50",Left,5,,5
Asher,"08/02/2025, 00:05",Right,,6,6
Asher,"07/02/2025, 20:21",Left,9,,9
Asher,"07/02/2025, 17:29",Right,,5,5
Asher,"07/02/2025, 14:36",Left,5,,5
Asher,"07/02/2025, 12:42",Right,,9,9
Asher,"07/02/2025, 09:09",Left,6,,6
Asher,"07/02/2025, 05:20",Right,,6,6
Asher,"06/02/2025, 23:58",Left,9,,9
Asher,"06/02/2025, 19:59",Right,,8,8
Asher,"06/02/2025, 18:33",Left,5,,5
Asher,"06/02/2025, 15:39",Right,,6,6
Asher,"06/02/2025, 11:27",Left,6,,6
Asher,"06/02/2025, 09:05",Right,,4,4
Asher,"06/02/2025, 08:25",Right,,5,5
Asher,"06/02/2025, 05:28",Left,7,,7
Asher,"06/02/2025, 03:01",Right,,9,9
Asher,"05/02/2025, 23:18",Left,8,,8
Asher,"05/02/2025, 21:14",Right,,16,16
Asher,"05/02/2025, 19:16",Left,4,,4
Asher,"05/02/2025, 15:54",Right,,8,8
Asher,"05/02/2025, 15:36",Left,5,,5
Asher,"05/02/2025, 10:07",Right,,5,5
Asher,"05/02/2025, 07:19",Left,7,,7
Asher,"05/02/2025, 04:03",Right,,5,5
Asher,"05/02/2025, 04:00",Right,,6,6
Asher,"04/02/2025, 22:20",Left,6,,6
Asher,"04/02/2025, 19:52",Right,,10,10
Asher,"04/02/2025, 18:06",Left,5,,5
Asher,"04/02/2025, 16:37",Right,,6,6
Asher,"04/02/2025, 14:52",Left,6,,6
Asher,"04/02/2025, 11:55",Right,,4,4
Asher,"04/02/2025, 09:44",Left,6,,6
Asher,"04/02/2025, 06:59",Right,,7,7
Asher,"04/02/2025, 04:29",Left,3,,3
Asher,"03/02/2025, 20:54",Left,15,,15
Asher,"03/02/2025, 18:56",Right,,11,11
Asher,"03/02/2025, 17:19",Left,4,,4
Asher,"03/02/2025, 15:16",Right,,5,5
Asher,"03/02/2025, 14:26",Left,8,,8
Asher,"03/02/2025, 11:23",Right,,3,3
Asher,"03/02/2025, 09:36",Left,13,,13
Asher,"03/02/2025, 07:15",Right,,12,12
Asher,"03/02/2025, 04:56",Left,22,,22
Asher,"03/02/2025, 02:23",Right,,5,5
Asher,"02/02/2025, 23:54",Left,6,,6
Asher,"02/02/2025, 20:37",Right,,20,20
Asher,"02/02/2025, 18:09",Left,9,,9
Asher,"02/02/2025, 15:27",Right,,13,13
Asher,"02/02/2025, 12:17",Left,6,,6
Asher,"02/02/2025, 09:09",Right,,5,5
Asher,"02/02/2025, 06:59",Left,8,,8
Asher,"02/02/2025, 04:51",Right,,8,8
Asher,"01/02/2025, 23:42",Left,7,,7
Asher,"01/02/2025, 19:28",Right,,7,7
Asher,"01/02/2025, 16:21",Left,7,,7
Asher,"01/02/2025, 14:13",Right,,13,13
Asher,"01/02/2025, 13:21",Left,3,,3
Asher,"01/02/2025, 10:45",Right,,8,8
Asher,"01/02/2025, 07:45",Left,6,,6
Asher,"01/02/2025, 06:35",Right,,5,5
Asher,"01/02/2025, 03:55",Left,12,,12
Asher,"31/01/2025, 20:00",Left,,14,14
Asher,"31/01/2025, 16:16",Left,12,,12
Asher,"31/01/2025, 14:52",Left,5,,5
Asher,"31/01/2025, 11:25",Right,,7,7
Asher,"31/01/2025, 08:22",Left,6,,6
Asher,"31/01/2025, 05:35",Right,,7,7
Asher,"31/01/2025, 02:07",Left,7,,7
Asher,"31/01/2025, 00:19",Right,,7,7
Asher,"30/01/2025, 21:12",Left,5,1,6
Asher,"30/01/2025, 20:51",Left,6,,6
Asher,"30/01/2025, 18:39",Right,,9,9
Asher,"30/01/2025, 15:31",Left,10,,10
Asher,"30/01/2025, 12:42",Right,,6,6
Asher,"30/01/2025, 11:13",Left,7,,7
Asher,"30/01/2025, 08:13",Right,,7,7
Asher,"30/01/2025, 04:18",Left,6,,6
Asher,"30/01/2025, 00:17",Left,10,,10
Asher,"29/01/2025, 20:10",Right,,23,23
Asher,"29/01/2025, 17:02",Right,,5,5
Asher,"29/01/2025, 15:59",Left,12,,12
Asher,"29/01/2025, 13:20",Left,,8,8
Asher,"29/01/2025, 09:58",Left,6,,6
Asher,"29/01/2025, 06:31",Right,,8,8
Asher,"29/01/2025, 02:03",Left,8,,8
Asher,"28/01/2025, 19:57",Left,10,,10
Asher,"28/01/2025, 17:08",Right,,8,8
Asher,"28/01/2025, 13:36",Left,11,,11
Asher,"28/01/2025, 10:18",Right,,5,5
Asher,"28/01/2025, 09:30",Right,,5,5
Asher,"28/01/2025, 05:18",Left,9,,9
Asher,"27/01/2025, 23:04",Left,11,,11
Asher,"27/01/2025, 19:55",Right,,8,8
Asher,"27/01/2025, 17:36",Left,10,,10
Asher,"27/01/2025, 14:11",Right,,9,9
Asher,"27/01/2025, 11:26",Left,3,,3
Asher,"27/01/2025, 10:55",Right,8,8,16
Asher,"27/01/2025, 06:42",Left,8,,8
Asher,"27/01/2025, 04:09",Right,,6,6
Asher,"27/01/2025, 01:48",Left,8,,8
Asher,"26/01/2025, 22:01",Right,,8,8
Asher,"26/01/2025, 20:03",Left,7,,7
Asher,"26/01/2025, 17:13",Right,,9,9
Asher,"26/01/2025, 14:33",Left,6,,6
Asher,"26/01/2025, 12:21",Right,,7,7
Asher,"26/01/2025, 09:19",Left,6,,6
Asher,"26/01/2025, 06:50",Right,4,7,11
Asher,"26/01/2025, 02:10",Left,8,,8
Asher,"25/01/2025, 23:51",Right,,9,9
Asher,"25/01/2025, 19:52",Right,9,10,19
Asher,"25/01/2025, 17:02",Left,7,,7
Asher,"25/01/2025, 14:31",Left,2,6,8
Asher,"25/01/2025, 10:22",Right,,8,8
Asher,"25/01/2025, 06:00",Left,9,,9
Asher,"25/01/2025, 03:54",Left,4,,4
Asher,"24/01/2025, 23:46",Right,,10,10
Asher,"24/01/2025, 20:24",Left,13,,13
Asher,"24/01/2025, 16:45",Right,,16,16
Asher,"24/01/2025, 16:09",Left,4,,4
Asher,"24/01/2025, 14:37",Left,6,,6
Asher,"24/01/2025, 11:57",Right,,8,8
Asher,"24/01/2025, 08:30",Left,6,,6
Asher,"24/01/2025, 06:48",Right,,7,7
Asher,"24/01/2025, 05:13",Left,9,,9
Asher,"24/01/2025, 02:31",Left,7,,7
Asher,"23/01/2025, 23:40",Right,,16,16
Asher,"23/01/2025, 19:46",Left,11,,11
Asher,"23/01/2025, 19:16",Right,,10,10
Asher,"23/01/2025, 17:08",Left,14,,14
Asher,"23/01/2025, 14:28",Right,,8,8
Asher,"23/01/2025, 12:43",Left,6,,6
Asher,"23/01/2025, 08:30",Left,3,,3
Asher,"23/01/2025, 02:40",Right,,5,5
Asher,"22/01/2025, 23:52",Left,8,,8
Asher,"22/01/2025, 20:39",Right,,6,6
Asher,"22/01/2025, 19:12",Left,7,,7
Asher,"22/01/2025, 16:55",Right,,8,8
Asher,"22/01/2025, 15:51",Left,10,,10
Asher,"22/01/2025, 13:17",Right,,3,3
Asher,"22/01/2025, 12:27",Left,8,,8
Asher,"22/01/2025, 09:43",Left,7,,7
Asher,"22/01/2025, 05:19",Right,2,7,9
Asher,"21/01/2025, 23:11",Left,7,,7
Asher,"21/01/2025, 20:21",Right,,9,9
Asher,"21/01/2025, 18:45",Left,6,,6
Asher,"21/01/2025, 17:15",Left,10,,10
Asher,"21/01/2025, 14:37",Right,,11,11
Asher,"21/01/2025, 14:20",Right,,6,6
Asher,"21/01/2025, 10:30",Left,6,,6
Asher,"21/01/2025, 07:30",Right,,8,8
Asher,"21/01/2025, 04:42",Left,5,,5
Asher,"21/01/2025, 02:38",Right,,7,7
Asher,"20/01/2025, 21:22",Right,,4,4
Asher,"20/01/2025, 20:58",Left,6,,6
Asher,"20/01/2025, 19:38",Right,,6,6
Asher,"20/01/2025, 17:26",Left,8,,8
Asher,"20/01/2025, 14:17",Left,6,,6
Asher,"20/01/2025, 12:08",Right,,3,3
Asher,"20/01/2025, 09:39",Left,7,,7
Asher,"20/01/2025, 05:55",Right,,9,9
Asher,"20/01/2025, 00:38",Left,6,,6
Asher,"19/01/2025, 20:48",Right,5,6,11
Asher,"19/01/2025, 18:47",Left,7,,7
Asher,"19/01/2025, 17:45",Right,2,7,9
Asher,"19/01/2025, 14:43",Left,7,,7
Asher,"19/01/2025, 12:15",Right,,7,7
Asher,"19/01/2025, 10:41",Left,4,,4
Asher,"19/01/2025, 06:20",Left,6,,6
Asher,"19/01/2025, 03:50",Right,,7,7
Asher,"19/01/2025, 01:21",Left,10,,10
Asher,"18/01/2025, 19:18",Right,7,10,17
Asher,"18/01/2025, 16:35",Left,8,,8
Asher,"18/01/2025, 13:42",Right,,8,8
Asher,"18/01/2025, 09:44",Left,5,,5
Asher,"18/01/2025, 08:43",Right,,7,7
Asher,"18/01/2025, 03:50",Left,8,,8
Asher,"18/01/2025, 00:52",Right,,9,9
Asher,"17/01/2025, 20:06",Right,5,6,11
Asher,"17/01/2025, 18:03",Left,8,,8
Asher,"17/01/2025, 14:41",Right,,8,8
Asher,"17/01/2025, 10:55",Left,6,,6
Asher,"17/01/2025, 09:40",Right,,5,5
Asher,"17/01/2025, 06:35",Left,11,,11
Asher,"17/01/2025, 03:11",Right,,8,8
Asher,"17/01/2025, 00:24",Left,8,,8
Asher,"16/01/2025, 19:22",Left,9,,9
Asher,"16/01/2025, 18:58",Right,,8,8
Asher,"16/01/2025, 16:30",Left,6,,6
Asher,"16/01/2025, 14:12",Right,,7,7
Asher,"16/01/2025, 11:22",Left,8,,8
Asher,"16/01/2025, 09:31",Right,,6,6
Asher,"16/01/2025, 05:40",Left,8,,8
Asher,"16/01/2025, 03:28",Right,,8,8
Asher,"16/01/2025, 00:33",Left,8,,8
Asher,"15/01/2025, 20:42",Right,3,10,13
Asher,"15/01/2025, 18:55",Left,7,,7
Asher,"15/01/2025, 16:21",Left,,9,9
Asher,"15/01/2025, 14:00",Left,5,,5
Asher,"15/01/2025, 11:56",Right,,8,8
Asher,"15/01/2025, 10:29",Left,6,,6
Asher,"15/01/2025, 06:45",Right,,8,8
Asher,"15/01/2025, 03:27",Left,7,,7
Asher,"15/01/2025, 00:06",Right,,10,10
Asher,"14/01/2025, 21:17",Right,9,4,13
Asher,"14/01/2025, 18:33",Right,,10,10
Asher,"14/01/2025, 15:53",Left,8,,8
Asher,"14/01/2025, 13:17",Right,,8,8
Asher,"14/01/2025, 10:12",Left,10,,10
Asher,"14/01/2025, 08:15",Right,,8,8
Asher,"14/01/2025, 05:02",Right,,6,6
Asher,"14/01/2025, 03:46",Right,,7,7
Asher,"14/01/2025, 03:11",Right,,8,8
Asher,"14/01/2025, 00:46",Left,8,,8
Asher,"13/01/2025, 20:08",Right,,3,3
Asher,"13/01/2025, 19:43",Left,8,5,13
Asher,"13/01/2025, 15:13",Right,,8,8
Asher,"13/01/2025, 14:29",Left,8,,8
Asher,"13/01/2025, 11:14",Right,,12,12
Asher,"13/01/2025, 07:59",Left,11,,11
Asher,"13/01/2025, 04:16",Right,,9,9
Asher,"13/01/2025, 00:08",Left,11,,11
Asher,"12/01/2025, 21:06",Right,6,8,14
Asher,"12/01/2025, 17:38",Left,9,,9
Asher,"12/01/2025, 14:25",Right,,7,7
Asher,"12/01/2025, 10:23",Left,6,,6
Asher,"12/01/2025, 09:14",Right,,6,6
Asher,"12/01/2025, 06:18",Right,,7,7
Asher,"12/01/2025, 04:02",Left,7,,7
Asher,"12/01/2025, 01:19",Right,,8,8
Asher,"11/01/2025, 20:14",Left,8,5,13
Asher,"11/01/2025, 16:47",Right,,9,9
Asher,"11/01/2025, 13:59",Left,7,,7
Asher,"11/01/2025, 12:35",Left,8,,8
Asher,"11/01/2025, 09:24",Right,,6,6
Asher,"11/01/2025, 06:42",Right,,8,8
Asher,"11/01/2025, 02:39",Left,8,,8
Asher,"11/01/2025, 00:07",Left,8,,8
Asher,"10/01/2025, 20:19",Right,7,8,15
Asher,"10/01/2025, 17:12",Left,9,,9
Asher,"10/01/2025, 14:44",Right,,9,9
Asher,"10/01/2025, 13:17",Left,8,,8
Asher,"10/01/2025, 11:09",Right,,6,6
Asher,"10/01/2025, 08:23",Left,8,,8
Asher,"10/01/2025, 06:37",Right,,7,7
Asher,"10/01/2025, 05:32",Left,5,,5
Asher,"10/01/2025, 04:06",Left,8,,8
Asher,"10/01/2025, 01:39",Left,8,,8
Asher,"09/01/2025, 20:53",Left,6,,6
Asher,"09/01/2025, 20:36",Right,,9,9
Asher,"09/01/2025, 17:31",Left,10,,10
Asher,"09/01/2025, 13:55",Right,,8,8
Asher,"09/01/2025, 10:59",Right,,7,7
Asher,"09/01/2025, 04:48",Right,,7,7
Asher,"09/01/2025, 03:48",Left,5,,5
Asher,"09/01/2025, 00:59",Left,8,,8
Asher,"08/01/2025, 20:21",Right,5,9,14
Asher,"08/01/2025, 17:24",Left,6,,6
Asher,"08/01/2025, 17:08",Left,6,,6
Asher,"08/01/2025, 15:06",Right,,6,6
Asher,"08/01/2025, 12:48",Left,9,,9
Asher,"08/01/2025, 10:34",Right,,9,9
Asher,"08/01/2025, 08:32",Left,8,,8
Asher,"08/01/2025, 04:16",Right,,7,7
Asher,"08/01/2025, 00:11",Left,9,,9
Asher,"07/01/2025, 20:50",Right,,10,10
Asher,"07/01/2025, 19:30",Left,8,,8
Asher,"07/01/2025, 14:55",Right,,6,6
Asher,"07/01/2025, 10:58",Left,9,,9
Asher,"07/01/2025, 09:10",Right,,9,9
Asher,"07/01/2025, 03:01",Left,9,,9
Asher,"06/01/2025, 21:10",Right,5,10,15
Asher,"06/01/2025, 17:35",Left,8,,8
Asher,"06/01/2025, 14:58",Right,,7,7
Asher,"06/01/2025, 12:09",Left,6,,6
Asher,"06/01/2025, 03:59",Right,,8,8
Asher,"06/01/2025, 00:59",Left,7,,7
Asher,"05/01/2025, 20:32",Right,5,10,15
Asher,"05/01/2025, 17:37",Left,9,,9
Asher,"05/01/2025, 14:39",Right,,11,11
Asher,"05/01/2025, 12:00",Left,10,,10
Asher,"05/01/2025, 09:13",Right,,7,7
Asher,"05/01/2025, 04:55",Left,9,,9
Asher,"05/01/2025, 02:03",Right,5,6,11
Asher,"04/01/2025, 20:32",Left,4,,4
Asher,"04/01/2025, 19:26",Right,,17,17
Asher,"04/01/2025, 18:26",Left,5,,5
Asher,"04/01/2025, 17:15",Left,7,4,11
Asher,"04/01/2025, 14:07",Left,,9,9
Asher,"04/01/2025, 12:30",Left,8,,8
Asher,"04/01/2025, 09:13",Left,9,,9
Asher,"04/01/2025, 05:39",Right,,8,8
Asher,"04/01/2025, 01:48",Left,11,,11
Asher,"03/01/2025, 19:46",Right,,6,6
Asher,"03/01/2025, 19:28",Left,8,,8
Asher,"03/01/2025, 15:49",Right,,6,6
Asher,"03/01/2025, 13:36",Left,7,,7
Asher,"03/01/2025, 10:20",Right,,5,5
Asher,"03/01/2025, 04:43",Left,10,,10
Asher,"03/01/2025, 02:30",Right,5,6,11
Asher,"02/01/2025, 20:20",Left,7,5,12
Asher,"02/01/2025, 17:00",Right,,9,9
Asher,"02/01/2025, 13:48",Left,8,,8
Asher,"02/01/2025, 10:26",Right,,8,8
Asher,"02/01/2025, 06:10",Left,10,,10
Asher,"02/01/2025, 02:17",Right,,8,8
Asher,"02/01/2025, 00:27",Left,7,,7
Asher,"01/01/2025, 20:20",Right,6,14,20
Asher,"01/01/2025, 16:17",Left,6,,6
Asher,"01/01/2025, 15:35",Right,,6,6
Asher,"01/01/2025, 13:02",Left,7,,7
Asher,"01/01/2025, 09:53",Right,,7,7
Asher,"01/01/2025, 05:58",Left,6,,6
Asher,"01/01/2025, 02:50",Right,,15,15
Asher,"31/12/2024, 20:23",Left,8,,8
Asher,"31/12/2024, 16:46",Left,8,,8
Asher,"31/12/2024, 14:06",Right,,8,8
Asher,"31/12/2024, 10:16",Left,8,,8
Asher,"31/12/2024, 05:30",Right,,8,8
Asher,"31/12/2024, 03:40",Left,8,,8
Asher,"31/12/2024, 00:37",Right,,9,9
Asher,"30/12/2024, 19:56",Left,9,,9
Asher,"30/12/2024, 16:54",Right,,17,17
Asher,"30/12/2024, 15:15",Left,10,,10
Asher,"30/12/2024, 13:03",Right,,8,8
Asher,"30/12/2024, 09:52",Left,7,,7
Asher,"30/12/2024, 07:01",Left,,7,7
Asher,"30/12/2024, 04:21",Left,10,,10
Asher,"30/12/2024, 01:03",Right,,13,13
Asher,"29/12/2024, 20:20",Left,28,,28
Asher,"29/12/2024, 18:05",Left,9,,9
Asher,"29/12/2024, 13:38",Right,,7,7
Asher,"29/12/2024, 11:14",Left,10,,10
Asher,"29/12/2024, 05:50",Right,,8,8
Asher,"29/12/2024, 02:20",Left,8,,8
Asher,"28/12/2024, 23:50",Right,,6,6
Asher,"28/12/2024, 19:27",Right,9,7,16
Asher,"28/12/2024, 16:51",Left,9,,9
Asher,"28/12/2024, 16:02",Right,,5,5
Asher,"28/12/2024, 13:28",Left,7,6,13
Asher,"28/12/2024, 09:24",Right,,9,9
Asher,"28/12/2024, 06:53",Left,10,,10
Asher,"28/12/2024, 04:40",Left,5,,5
Asher,"28/12/2024, 03:45",Right,,6,6
Asher,"28/12/2024, 02:20",Left,7,,7
Asher,"28/12/2024, 00:04",Right,,9,9
Asher,"27/12/2024, 20:23",Left,8,,8
Asher,"27/12/2024, 18:04",Right,,8,8
Asher,"27/12/2024, 16:27",Left,8,,8
Asher,"27/12/2024, 14:09",Right,,6,6
Asher,"27/12/2024, 11:24",Left,6,,6
Asher,"27/12/2024, 08:20",Right,,8,8
Asher,"27/12/2024, 03:52",Left,10,,10
Asher,"27/12/2024, 01:00",Right,,7,7
Asher,"26/12/2024, 20:29",Right,5,,5
Asher,"26/12/2024, 17:53",Right,,6,6
Asher,"26/12/2024, 15:04",Left,10,,10
Asher,"26/12/2024, 12:56",Right,,13,13
Asher,"26/12/2024, 11:06",Left,6,,6
Asher,"26/12/2024, 07:55",Right,2,7,9
Asher,"26/12/2024, 05:28",Right,,4,4
Asher,"26/12/2024, 04:46",Left,6,,6
Asher,"26/12/2024, 04:19",Right,,5,5
Asher,"26/12/2024, 02:53",Right,,7,7
Asher,"25/12/2024, 20:55",Left,6,,6
Asher,"25/12/2024, 20:30",Left,6,,6
Asher,"25/12/2024, 17:12",Right,,5,5
Asher,"25/12/2024, 16:35",Left,8,,8
Asher,"25/12/2024, 13:12",Right,,8,8
Asher,"25/12/2024, 09:43",Left,9,,9
Asher,"25/12/2024, 05:17",Right,,7,7
Asher,"25/12/2024, 02:48",Left,13,,13
Asher,"24/12/2024, 21:19",Right,,10,10
Asher,"24/12/2024, 19:18",Left,12,,12
Asher,"24/12/2024, 15:20",Right,3,9,12
Asher,"24/12/2024, 12:36",Left,6,,6
Asher,"24/12/2024, 11:28",Right,,8,8
Asher,"24/12/2024, 08:39",Left,9,,9
Asher,"24/12/2024, 04:44",Right,,7,7
Asher,"23/12/2024, 21:17",Left,8,,8
Asher,"23/12/2024, 19:37",Left,7,,7
Asher,"23/12/2024, 17:32",Right,,7,7
Asher,"23/12/2024, 15:15",Right,,6,6
Asher,"23/12/2024, 10:02",Right,,11,11
Asher,"23/12/2024, 06:04",Left,10,,10
Asher,"23/12/2024, 01:47",Right,,8,8
Asher,"22/12/2024, 20:41",Left,9,,9
Asher,"22/12/2024, 18:59",Right,,10,10
Asher,"22/12/2024, 15:47",Left,8,,8
Asher,"22/12/2024, 14:53",Left,10,,10
Asher,"22/12/2024, 12:29",Right,,4,4
Asher,"22/12/2024, 10:32",Left,16,,16
Asher,"22/12/2024, 07:57",Right,,6,6
Asher,"22/12/2024, 05:33",Left,13,,13
Asher,"22/12/2024, 02:55",Right,,8,8
Asher,"21/12/2024, 20:17",Left,8,,8
Asher,"21/12/2024, 19:12",Left,8,,8
Asher,"21/12/2024, 16:18",Left,9,,9
Asher,"21/12/2024, 13:16",Right,,7,7
Asher,"21/12/2024, 11:29",Left,8,,8
Asher,"21/12/2024, 10:20",Left,5,,5
Asher,"21/12/2024, 08:37",Right,,7,7
Asher,"21/12/2024, 04:00",Right,,9,9
Asher,"20/12/2024, 20:55",Left,13,,13
Asher,"20/12/2024, 19:41",Left,5,3,8
Asher,"20/12/2024, 17:38",Right,,10,10
Asher,"20/12/2024, 16:16",Left,8,,8
Asher,"20/12/2024, 12:06",Right,,10,10
Asher,"20/12/2024, 09:35",Left,9,,9
Asher,"20/12/2024, 06:10",Right,,11,11
Asher,"20/12/2024, 03:03",Left,12,,12
Asher,"19/12/2024, 20:39",Right,,16,16
Asher,"19/12/2024, 18:12",Left,6,,6
Asher,"19/12/2024, 17:37",Right,,7,7
Asher,"19/12/2024, 13:45",Left,6,,6
Asher,"19/12/2024, 12:17",Right,,9,9
Asher,"19/12/2024, 07:05",Right,,19,19
Asher,"19/12/2024, 05:42",Right,,3,3
Asher,"19/12/2024, 03:19",Left,11,,11
Asher,"18/12/2024, 21:12",Right,,6,6
Asher,"18/12/2024, 20:04",Right,2,13,15
Asher,"18/12/2024, 17:50",Left,25,,25
Asher,"18/12/2024, 16:42",Left,10,,10
Asher,"18/12/2024, 14:00",Left,5,5,10
Asher,"18/12/2024, 12:12",Right,,10,10
Asher,"18/12/2024, 07:33",Left,8,,8
Asher,"18/12/2024, 06:10",Left,6,,6
Asher,"18/12/2024, 02:58",Right,,15,15
Asher,"17/12/2024, 22:20",Left,8,,8
Asher,"17/12/2024, 20:54",Right,,7,7
Asher,"17/12/2024, 17:36",Left,8,,8
Asher,"17/12/2024, 14:48",Right,,9,9
Asher,"17/12/2024, 13:26",Left,12,,12
Asher,"17/12/2024, 08:45",Left,11,,11
Asher,"17/12/2024, 06:35",Right,,7,7
Asher,"17/12/2024, 06:11",Left,10,,10
Asher,"17/12/2024, 03:06",Right,,5,5
Asher,"17/12/2024, 02:48",Left,6,,6
Asher,"16/12/2024, 21:08",Right,8,5,13
Asher,"16/12/2024, 18:21",Left,7,10,17
Asher,"16/12/2024, 14:30",Left,6,,6
Asher,"16/12/2024, 14:07",Left,9,,9
Asher,"16/12/2024, 12:09",Right,,8,8
Asher,"16/12/2024, 09:40",Left,8,,8
Asher,"16/12/2024, 07:02",Left,10,,10
Asher,"16/12/2024, 02:45",Right,,9,9
Asher,"15/12/2024, 21:05",Left,6,,6
Asher,"15/12/2024, 20:00",Left,7,6,13
Asher,"15/12/2024, 17:22",Left,7,,7
Asher,"15/12/2024, 15:20",Right,,5,5
Asher,"15/12/2024, 14:02",,6,5,11
Asher,"15/12/2024, 12:56",Right,,9,9
Asher,"15/12/2024, 10:13",Left,6,,6
Asher,"15/12/2024, 07:58",Right,,13,13
Asher,"15/12/2024, 03:25",Left,11,,11
Asher,"14/12/2024, 19:04",Left,6,,6
Asher,"14/12/2024, 17:20",Right,,10,10
Asher,"14/12/2024, 15:00",Left,9,,9
Asher,"14/12/2024, 12:38",Right,,9,9
Asher,"14/12/2024, 10:31",Left,9,,9
Asher,"14/12/2024, 08:27",Right,,12,12
Asher,"14/12/2024, 04:36",Left,6,,6
Asher,"14/12/2024, 00:55",,7,7,14
Asher,"13/12/2024, 21:26",Left,12,,12
Asher,"13/12/2024, 19:33",Right,,8,8
Asher,"13/12/2024, 17:25",Left,9,,9
Asher,"13/12/2024, 14:18",Right,,5,5
Asher,"13/12/2024, 12:55",Left,9,,9
Asher,"13/12/2024, 09:05",Left,8,,8
Asher,"13/12/2024, 07:56",Right,,10,10
Asher,"13/12/2024, 04:03",Left,9,,9
Asher,"12/12/2024, 22:11",Left,10,,10
Asher,"12/12/2024, 15:53",Right,,10,10
Asher,"12/12/2024, 14:00",Left,12,,12
Asher,"12/12/2024, 10:44",Right,,12,12
Asher,"12/12/2024, 08:45",Right,3,7,10
Asher,"12/12/2024, 03:56",Left,9,6,15
Asher,"11/12/2024, 21:17",Right,6,6,12
Asher,"11/12/2024, 18:36",Left,7,,7
Asher,"11/12/2024, 15:46",Right,,7,7
Asher,"11/12/2024, 13:20",Left,8,,8
Asher,"11/12/2024, 11:05",Right,,5,5
Asher,"11/12/2024, 09:01",Left,10,,10
Asher,"11/12/2024, 04:24",Right,,8,8
Asher,"11/12/2024, 01:20",Left,10,,10
Asher,"10/12/2024, 21:49",Right,,8,8
Asher,"10/12/2024, 20:16",Left,11,,11
Asher,"10/12/2024, 17:22",Right,11,8,19
Asher,"10/12/2024, 14:39",Left,8,4,12
Asher,"10/12/2024, 12:45",Right,,5,5
Asher,"10/12/2024, 10:46",Left,5,,5
Asher,"10/12/2024, 09:25",Left,5,,5
Asher,"10/12/2024, 07:32",Right,,13,13
Asher,"10/12/2024, 03:30",Left,9,,9
Asher,"10/12/2024, 01:25",Right,,11,11
Asher,"09/12/2024, 20:38",Left,10,10,20
Asher,"09/12/2024, 18:51",Right,,5,5
Asher,"09/12/2024, 16:00",Left,10,5,15
Asher,"09/12/2024, 13:30",Left,5,,5
Asher,"09/12/2024, 11:59",Right,,2,2
Asher,"09/12/2024, 11:25",Right,,8,8
Asher,"09/12/2024, 08:27",Left,8,,8
Asher,"09/12/2024, 04:49",Left,14,,14
Asher,"09/12/2024, 00:05",Right,,9,9
Asher,"08/12/2024, 20:22",Right,14,14,28
Asher,"08/12/2024, 18:17",Left,10,,10
Asher,"08/12/2024, 16:15",Right,,10,10
Asher,"08/12/2024, 13:05",Right,,8,8
Asher,"08/12/2024, 11:33",Left,8,,8
Asher,"08/12/2024, 10:56",Right,,6,6
Asher,"08/12/2024, 08:21",Left,8,,8
Asher,"08/12/2024, 04:16",Right,9,9,18
Asher,"08/12/2024, 00:43",Left,9,,9
Asher,"07/12/2024, 21:13",Left,12,,12
Asher,"07/12/2024, 19:04",Right,,14,14
Asher,"07/12/2024, 17:58",Right,,9,9
Asher,"07/12/2024, 17:43",Left,8,,8
Asher,"07/12/2024, 16:03",Right,,6,6
Asher,"07/12/2024, 15:08",Left,11,,11
Asher,"07/12/2024, 11:45",Right,,12,12
Asher,"07/12/2024, 10:04",Left,18,,18
Asher,"07/12/2024, 08:22",Right,2,11,13
Asher,"07/12/2024, 03:45",Left,8,,8
Asher,"06/12/2024, 20:35",Left,5,,5
Asher,"06/12/2024, 20:25",Right,,10,10
Asher,"06/12/2024, 16:55",Right,5,9,14
Asher,"06/12/2024, 14:12",Left,6,,6
Asher,"06/12/2024, 11:03",Left,10,,10
Asher,"06/12/2024, 08:07",Right,,8,8
Asher,"06/12/2024, 06:06",Left,15,,15
Asher,"06/12/2024, 02:37",Right,,18,18
Asher,"05/12/2024, 21:29",Left,8,,8
Asher,"05/12/2024, 20:00",Right,,11,11
Asher,"05/12/2024, 19:19",Left,10,,10
Asher,"05/12/2024, 16:30",Right,,6,6
Asher,"05/12/2024, 16:01",Left,9,,9
Asher,"05/12/2024, 13:58",Right,,10,10
Asher,"05/12/2024, 10:57",Left,10,4,14
Asher,"05/12/2024, 07:37",Right,,11,11
Asher,"05/12/2024, 04:18",Left,9,,9
Asher,"05/12/2024, 01:06",Right,,8,8
Asher,"04/12/2024, 21:22",Left,13,,13
Asher,"04/12/2024, 19:40",Right,,7,7
Asher,"04/12/2024, 18:11",Left,10,,10
Asher,"04/12/2024, 15:26",,9,9,18
Asher,"04/12/2024, 13:19",Right,,9,9
Asher,"04/12/2024, 12:28",Left,8,,8
Asher,"04/12/2024, 04:06",Left,9,,9
Asher,"04/12/2024, 03:52",Left,1,10,11
Asher,"03/12/2024, 21:38",Left,10,,10
Asher,"03/12/2024, 19:23",Right,7,10,17
Asher,"03/12/2024, 19:13",Left,6,,6
Asher,"03/12/2024, 17:44",Right,5,7,12
Asher,"03/12/2024, 16:09",Left,13,,13
Asher,"03/12/2024, 12:19",Right,,10,10
Asher,"03/12/2024, 08:55",Left,9,1,10
Asher,"03/12/2024, 04:15",Right,,10,10
Asher,"03/12/2024, 01:29",Left,8,,8
Asher,"02/12/2024, 21:35",Right,,6,6
Asher,"02/12/2024, 21:17",Left,11,,11
Asher,"02/12/2024, 19:50",Right,,10,10
Asher,"02/12/2024, 18:38",Left,8,,8
Asher,"02/12/2024, 16:17",Right,5,7,12
Asher,"02/12/2024, 13:05",Left,10,,10
Asher,"02/12/2024, 11:34",Right,,4,4
Asher,"02/12/2024, 09:42",Left,7,,7
Asher,"02/12/2024, 05:30",Right,,8,8
Asher,"02/12/2024, 02:55",Left,9,,9
Asher,"01/12/2024, 20:52",Left,14,,14
Asher,"01/12/2024, 17:55",Left,10,,10
Asher,"01/12/2024, 17:43",Right,,9,9
Asher,"01/12/2024, 15:07",Left,11,,11
Asher,"01/12/2024, 14:05",Right,,9,9
Asher,"01/12/2024, 11:32",Left,10,4,14
Asher,"01/12/2024, 10:30",Left,10,,10
Asher,"01/12/2024, 05:55",Right,,11,11
Asher,"01/12/2024, 01:55",Left,8,,8
Asher,"30/11/2024, 21:29",Right,7,9,16
Asher,"30/11/2024, 19:27",Left,5,,5
Asher,"30/11/2024, 18:18",Right,8,9,17
Asher,"30/11/2024, 15:36",Left,10,5,15
Asher,"30/11/2024, 13:14",Left,6,,6
Asher,"30/11/2024, 11:46",Right,,17,17
Asher,"30/11/2024, 09:26",Left,13,,13
Asher,"30/11/2024, 06:09",Left,5,,5
Asher,"30/11/2024, 06:00",Left,9,,9
Asher,"30/11/2024, 04:10",Right,5,5,10
Asher,"29/11/2024, 21:33",Left,13,,13
Asher,"29/11/2024, 19:24",Right,,12,12
Asher,"29/11/2024, 17:09",Left,8,8,16
Asher,"29/11/2024, 14:11",Right,,8,8
Asher,"29/11/2024, 12:01",Left,13,,13
Asher,"29/11/2024, 09:25",Right,,10,10
Asher,"29/11/2024, 08:30",Left,11,,11
Asher,"29/11/2024, 04:35",Left,11,,11
Asher,"29/11/2024, 00:30",Right,,9,9
Asher,"28/11/2024, 23:25",Left,10,,10
Asher,"28/11/2024, 20:38",Right,,11,11
Asher,"28/11/2024, 20:16",Left,7,,7
Asher,"28/11/2024, 18:06",Left,6,,6
Asher,"28/11/2024, 16:35",Right,,10,10
Asher,"28/11/2024, 15:23",Right,,15,15
Asher,"28/11/2024, 14:58",Left,8,,8
Asher,"28/11/2024, 09:08",Left,6,,6
Asher,"28/11/2024, 06:44",,8,8,16
Asher,"28/11/2024, 03:48",Right,8,8,16
Asher,"27/11/2024, 23:50",Left,21,,21
Asher,"27/11/2024, 19:26",Left,9,,9
Asher,"27/11/2024, 18:46",Right,,15,15
Asher,"27/11/2024, 15:39",Left,8,,8
Asher,"27/11/2024, 14:05",Left,10,,10
Asher,"27/11/2024, 11:53",Right,,9,9
Asher,"27/11/2024, 08:32",Left,9,,9
Asher,"27/11/2024, 05:45",Right,,19,19
Asher,"27/11/2024, 02:55",Right,,8,8
Asher,"26/11/2024, 23:52",Right,,13,13
Asher,"26/11/2024, 20:59",Left,11,3,14
Asher,"26/11/2024, 18:20",Right,,10,10
Asher,"26/11/2024, 17:29",Left,9,,9
Asher,"26/11/2024, 13:44",Right,,10,10
Asher,"26/11/2024, 12:53",Left,5,2,7
Asher,"26/11/2024, 11:38",Left,4,,4
Asher,"26/11/2024, 09:26",Left,12,6,18
Asher,"26/11/2024, 05:18",Left,1,14,15
Asher,"26/11/2024, 03:28",Left,12,,12
Asher,"25/11/2024, 21:19",Right,,9,9
Asher,"25/11/2024, 20:19",Left,20,,20
Asher,"25/11/2024, 18:15",Right,,8,8
Asher,"25/11/2024, 15:38",Left,16,,16
Asher,"25/11/2024, 12:17",Right,,7,7
Asher,"25/11/2024, 11:05",Left,9,,9
Asher,"25/11/2024, 08:30",Right,,10,10
Asher,"25/11/2024, 04:43",Left,12,,12
Asher,"24/11/2024, 21:00",Right,,18,18
Asher,"24/11/2024, 19:39",Left,40,,40
Asher,"24/11/2024, 17:28",Right,,10,10
Asher,"24/11/2024, 16:09",Left,18,,18
Asher,"24/11/2024, 13:05",Right,,10,10
Asher,"24/11/2024, 11:04",Right,,6,6
Asher,"24/11/2024, 09:14",Left,10,,10
Asher,"24/11/2024, 07:59",Left,8,,8
Asher,"24/11/2024, 03:30",Right,,8,8
Asher,"23/11/2024, 21:43",Right,5,14,19
Asher,"23/11/2024, 20:33",Left,8,,8
Asher,"23/11/2024, 18:17",Right,,9,9
Asher,"23/11/2024, 16:45",Left,10,,10
Asher,"23/11/2024, 13:16",Right,,6,6
Asher,"23/11/2024, 12:23",Left,8,,8
Asher,"23/11/2024, 09:58",Left,5,,5
Asher,"23/11/2024, 05:25",Left,11,,11
Asher,"23/11/2024, 02:56",Right,,14,14
Asher,"22/11/2024, 22:36",Left,5,,5
Asher,"22/11/2024, 21:15",Right,5,20,25
Asher,"22/11/2024, 19:52",Right,,11,11
Asher,"22/11/2024, 18:18",Left,9,,9
Asher,"22/11/2024, 17:04",Right,,23,23
Asher,"22/11/2024, 16:21",Left,9,,9
Asher,"22/11/2024, 14:14",Right,,12,12
Asher,"22/11/2024, 11:28",Right,,14,14
Asher,"22/11/2024, 10:45",Left,8,4,12
Asher,"22/11/2024, 07:52",Left,13,,13
Asher,"22/11/2024, 04:38",Right,,14,14
Asher,"22/11/2024, 02:42",Left,6,,6
Asher,"22/11/2024, 02:27",Left,6,,6
Asher,"21/11/2024, 23:00",Right,,8,8
Asher,"21/11/2024, 21:04",Left,18,1,19
Asher,"21/11/2024, 19:20",Left,8,4,12
Asher,"21/11/2024, 16:34",Right,6,13,19
Asher,"21/11/2024, 14:17",Left,12,,12
Asher,"21/11/2024, 07:52",,5,6,11
Asher,"21/11/2024, 05:09",Right,,10,10
Asher,"21/11/2024, 02:14",Left,10,,10
Asher,"20/11/2024, 21:18",Right,11,8,19
Asher,"20/11/2024, 19:06",Left,7,,7
Asher,"20/11/2024, 15:57",Right,,12,12
Asher,"20/11/2024, 14:12",Right,,16,16
Asher,"20/11/2024, 13:29",Left,9,,9
Asher,"20/11/2024, 11:45",Right,,9,9
Asher,"20/11/2024, 10:25",Left,5,,5
Asher,"20/11/2024, 08:49",Right,,9,9
Asher,"20/11/2024, 07:18",Left,10,,10
Asher,"20/11/2024, 04:04",Right,,8,8
Asher,"20/11/2024, 02:33",Left,6,,6
Asher,"19/11/2024, 23:13",Right,,9,9
Asher,"19/11/2024, 21:22",Left,15,,15
Asher,"19/11/2024, 20:55",Left,4,,4
Asher,"19/11/2024, 19:15",Left,12,6,18
Asher,"19/11/2024, 16:44",Right,,10,10
Asher,"19/11/2024, 14:20",Left,8,,8
Asher,"19/11/2024, 12:15",Right,,9,9
Asher,"19/11/2024, 10:25",,6,6,12
Asher,"19/11/2024, 08:57",Left,11,,11
Asher,"19/11/2024, 07:01",Right,,10,10
Asher,"19/11/2024, 04:18",Left,11,,11
Asher,"19/11/2024, 02:38",Right,,17,17
Asher,"18/11/2024, 21:01",Left,31,,31
Asher,"18/11/2024, 19:29",Right,,18,18
Asher,"18/11/2024, 17:32",Left,11,,11
Asher,"18/11/2024, 15:48",Right,,10,10
Asher,"18/11/2024, 13:48",Left,8,3,11
Asher,"18/11/2024, 11:46",Right,,10,10
Asher,"18/11/2024, 10:01",Left,9,,9
Asher,"18/11/2024, 07:13",Right,,5,5
Asher,"18/11/2024, 04:54",Left,10,,10
Asher,"18/11/2024, 02:26",Right,,10,10
Asher,"17/11/2024, 23:15",Left,9,,9
Asher,"17/11/2024, 19:10",Right,,12,12
Asher,"17/11/2024, 18:16",Left,9,,9
Asher,"17/11/2024, 16:23",Right,,10,10
Asher,"17/11/2024, 14:14",Left,9,,9
Asher,"17/11/2024, 12:28",Left,6,,6
Asher,"17/11/2024, 11:08",Right,,11,11
Asher,"17/11/2024, 05:09",Left,13,,13
Asher,"17/11/2024, 02:10",Right,,16,16
Asher,"16/11/2024, 22:10",Left,9,,9
Asher,"16/11/2024, 20:06",Right,,9,9
Asher,"16/11/2024, 19:37",Left,6,,6
Asher,"16/11/2024, 19:21",Right,,7,7
Asher,"16/11/2024, 17:22",Left,10,,10
Asher,"16/11/2024, 17:13",Right,,6,6
Asher,"16/11/2024, 14:45",Left,10,,10
Asher,"16/11/2024, 13:57",Right,,9,9
Asher,"16/11/2024, 11:14",Left,12,,12
Asher,"16/11/2024, 06:26",Left,12,,12
Asher,"16/11/2024, 03:36",Right,,10,10
Asher,"16/11/2024, 01:45",Left,9,,9
Asher,"15/11/2024, 21:48",Left,13,,13
Asher,"15/11/2024, 19:21",Right,,10,10
Asher,"15/11/2024, 18:03",Right,5,8,13
Asher,"15/11/2024, 15:15",Left,11,4,15
Asher,"15/11/2024, 12:49",Right,,12,12
Asher,"15/11/2024, 10:32",Left,12,,12
Asher,"15/11/2024, 08:16",Right,9,2,11
Asher,"15/11/2024, 05:40",Left,7,,7
Asher,"15/11/2024, 02:40",,12,8,20
Asher,"14/11/2024, 21:28",Right,,14,14
Asher,"14/11/2024, 19:26",Right,,6,6
Asher,"14/11/2024, 18:03",Left,9,,9
Asher,"14/11/2024, 15:36",Right,,6,6
Asher,"14/11/2024, 14:18",Right,7,13,20
Asher,"14/11/2024, 12:36",Left,15,,15
Asher,"14/11/2024, 12:20",Right,,9,9
Asher,"14/11/2024, 10:35",Left,5,,5
Asher,"14/11/2024, 09:05",Left,8,,8
Asher,"14/11/2024, 06:32",Left,9,,9
Asher,"14/11/2024, 04:26",Right,,9,9
Asher,"14/11/2024, 01:35",Right,,10,10
Asher,"13/11/2024, 21:45",Left,5,,5
Asher,"13/11/2024, 21:04",Left,12,8,20
Asher,"13/11/2024, 18:38",Right,12,8,20
Asher,"13/11/2024, 17:07",Left,9,,9
Asher,"13/11/2024, 15:46",Right,,6,6
Asher,"13/11/2024, 15:28",Left,3,,3
Asher,"13/11/2024, 14:07",Right,,8,8
Asher,"13/11/2024, 12:52",Left,14,,14
Asher,"13/11/2024, 12:35",Right,,8,8
Asher,"13/11/2024, 08:25",,6,10,16
Asher,"13/11/2024, 06:20",Left,7,,7
Asher,"13/11/2024, 04:15",Left,3,,3
Asher,"13/11/2024, 03:53",Right,,12,12
Asher,"13/11/2024, 00:02",Left,15,,15
Asher,"12/11/2024, 19:18",Left,12,16,28
Asher,"12/11/2024, 17:51",Left,7,,7
Asher,"12/11/2024, 16:43",Right,,13,13
Asher,"12/11/2024, 15:36",Left,4,,4
Asher,"12/11/2024, 13:20",,6,9,15
Asher,"12/11/2024, 09:59",Left,9,,9
Asher,"12/11/2024, 09:29",Right,,4,4
Asher,"12/11/2024, 08:08",Left,9,,9
Asher,"12/11/2024, 05:22",,6,6,12
Asher,"12/11/2024, 02:02",,12,12,24
Asher,"11/11/2024, 22:37",Right,,6,6
Asher,"11/11/2024, 21:36",Left,11,,11
Asher,"11/11/2024, 19:53",Right,13,8,21
Asher,"11/11/2024, 16:21",Right,14,13,27
Asher,"11/11/2024, 14:34",Left,13,,13
Asher,"11/11/2024, 13:14",Right,,7,7
Asher,"11/11/2024, 11:35",,6,6,12
Asher,"11/11/2024, 10:19",Left,5,,5
Asher,"11/11/2024, 09:05",Left,6,,6
Asher,"11/11/2024, 08:46",Left,11,,11
Asher,"11/11/2024, 06:37",Left,9,,9
Asher,"11/11/2024, 04:18",Right,,11,11
Asher,"10/11/2024, 22:34",Left,10,,10
Asher,"10/11/2024, 21:57",Left,13,,13
Asher,"10/11/2024, 20:20",Left,7,8,15
Asher,"10/11/2024, 19:19",Right,3,8,11
Asher,"10/11/2024, 16:47",Right,13,7,20
Asher,"10/11/2024, 14:55",Right,5,11,16
Asher,"10/11/2024, 13:20",,8,5,13
Asher,"10/11/2024, 10:38",Left,10,,10
Asher,"10/11/2024, 08:03",Right,,10,10
Asher,"10/11/2024, 07:04",Right,,13,13
Asher,"10/11/2024, 04:19",Left,14,,14
Asher,"09/11/2024, 22:40",Left,8,5,13
Asher,"09/11/2024, 21:01",Left,7,,7
Asher,"09/11/2024, 19:19",Right,,4,4
Asher,"09/11/2024, 18:26",Left,12,,12
Asher,"09/11/2024, 18:04",Left,7,,7
Asher,"09/11/2024, 17:03",Right,,18,18
Asher,"09/11/2024, 16:05",Left,8,,8
Asher,"09/11/2024, 13:47",Left,5,,5
Asher,"09/11/2024, 11:55",Right,,5,5
Asher,"09/11/2024, 10:05",Left,16,,16
Asher,"09/11/2024, 07:44",Left,9,5,14
Asher,"09/11/2024, 06:11",Right,,14,14
Asher,"08/11/2024, 22:19",Left,7,,7
Asher,"08/11/2024, 21:07",Right,,18,18
Asher,"08/11/2024, 19:50",Left,15,,15
Asher,"08/11/2024, 18:12",Left,9,,9
Asher,"08/11/2024, 17:00",Left,5,,5
Asher,"08/11/2024, 16:25",Right,,5,5
Asher,"08/11/2024, 14:29",Left,8,,8
Asher,"08/11/2024, 12:44",Left,8,,8
Asher,"08/11/2024, 12:15",Right,,10,10
Asher,"08/11/2024, 10:41",Left,12,,12
Asher,"08/11/2024, 07:27",Left,12,,12
Asher,"08/11/2024, 05:53",Right,,16,16
Asher,"08/11/2024, 04:00",Left,13,,13
Asher,"07/11/2024, 20:51",Left,17,8,25
Asher,"07/11/2024, 18:29",Left,12,10,22
Asher,"07/11/2024, 16:30",Right,,8,8
Asher,"07/11/2024, 14:25",Right,,4,4
Asher,"07/11/2024, 14:16",Left,7,,7
Asher,"07/11/2024, 11:56",Right,,11,11
Asher,"07/11/2024, 10:52",Left,8,,8
Asher,"07/11/2024, 10:38",Right,,7,7
Asher,"07/11/2024, 07:45",Left,13,,13
Asher,"07/11/2024, 06:39",Left,7,,7
Asher,"07/11/2024, 04:54",Right,,13,13
Asher,"06/11/2024, 22:36",Right,,14,14
Asher,"06/11/2024, 21:32",Left,6,8,14
Asher,"06/11/2024, 19:22",Right,,8,8
Asher,"06/11/2024, 18:11",Left,7,,7
Asher,"06/11/2024, 16:54",Right,,20,20
Asher,"06/11/2024, 14:45",Left,9,,9
Asher,"06/11/2024, 13:42",Right,3,5,8
Asher,"06/11/2024, 10:56",Right,5,5,10
Asher,"06/11/2024, 07:57",Left,11,,11
Asher,"06/11/2024, 06:38",Right,,11,11
Asher,"06/11/2024, 04:36",Left,6,,6
Asher,"05/11/2024, 21:46",Right,,13,13
Asher,"05/11/2024, 21:08",Right,,8,8
Asher,"05/11/2024, 20:39",Left,8,,8
Asher,"05/11/2024, 18:54",Right,,11,11
Asher,"05/11/2024, 17:58",Left,7,,7
Asher,"05/11/2024, 15:43",Right,,20,20
Asher,"05/11/2024, 14:34",Left,8,,8
Asher,"05/11/2024, 12:22",Right,3,9,12
Asher,"05/11/2024, 10:58",Left,11,7,18
Asher,"05/11/2024, 06:46",Left,6,,6
Asher,"05/11/2024, 05:12",Right,,8,8
Asher,"05/11/2024, 03:42",Right,8,5,13
Asher,"04/11/2024, 22:07",,3,3,6
Asher,"04/11/2024, 21:30",Left,8,8,16
Asher,"04/11/2024, 20:31",Left,7,,7
Asher,"04/11/2024, 19:07",Right,,15,15
Asher,"04/11/2024, 18:51",Left,7,,7
Asher,"04/11/2024, 17:54",Right,,13,13
Asher,"04/11/2024, 16:20",Left,6,,6
Asher,"04/11/2024, 15:13",Right,,5,5
Asher,"04/11/2024, 14:35",Right,,10,10
Asher,"04/11/2024, 13:28",Left,8,,8
Asher,"04/11/2024, 11:45",Right,,7,7
Asher,"04/11/2024, 10:54",Left,11,,11
Asher,"04/11/2024, 07:30",Left,8,,8
Asher,"04/11/2024, 05:57",Right,,13,13
Asher,"04/11/2024, 04:46",Left,9,,9
Asher,"03/11/2024, 23:42",Left,6,,6
Asher,"03/11/2024, 21:23",Right,,6,6
Asher,"03/11/2024, 19:19",Left,9,10,19
Asher,"03/11/2024, 18:09",Left,10,4,14
Asher,"03/11/2024, 15:56",Right,,10,10
Asher,"03/11/2024, 15:40",Left,5,,5
Asher,"03/11/2024, 14:57",Left,7,,7
Asher,"03/11/2024, 13:00",Left,8,,8
Asher,"03/11/2024, 10:43",Right,,10,10
Asher,"03/11/2024, 09:56",Right,,13,13
Asher,"02/11/2024, 19:05",Left,9,,9
Asher,"02/11/2024, 17:46",Right,,8,8
Asher,"02/11/2024, 15:15",Left,8,,8
Asher,"02/11/2024, 14:00",Left,5,,5
Asher,"02/11/2024, 13:17",Right,,11,11
Asher,"02/11/2024, 10:49",Left,14,,14
Asher,"02/11/2024, 08:46",Left,16,,16
Asher,"02/11/2024, 04:47",Right,,8,8
Asher,"01/11/2024, 21:59",Right,6,13,19
Asher,"01/11/2024, 20:37",Right,,8,8
Asher,"01/11/2024, 19:34",Right,3,6,9
Asher,"01/11/2024, 18:17",Left,7,8,15
Asher,"01/11/2024, 11:22",Left,6,12,18
Asher,"01/11/2024, 10:21",Left,9,,9
Asher,"01/11/2024, 07:36",Right,,12,12
Asher,"01/11/2024, 05:30",Left,9,7,16
Asher,"01/11/2024, 03:30",Right,,4,4
Asher,"01/11/2024, 02:44",Left,8,,8
Asher,"31/10/2024, 22:40",,6,6,12
Asher,"31/10/2024, 21:29",Left,3,11,14
Asher,"31/10/2024, 20:03",Left,10,,10
Asher,"31/10/2024, 18:43",Left,9,5,14
Asher,"31/10/2024, 17:45",Right,,14,14
Asher,"31/10/2024, 16:19",Left,19,,19
Asher,"31/10/2024, 14:03",Right,,6,6
Asher,"31/10/2024, 12:35",Left,4,,4
Asher,"31/10/2024, 11:37",Right,,4,4
Asher,"31/10/2024, 11:14",Left,19,,19
Asher,"31/10/2024, 06:38",Right,,12,12
Asher,"31/10/2024, 04:59",Left,8,,8
Asher,"31/10/2024, 01:44",Right,,5,5
Asher,"30/10/2024, 22:25",Left,10,,10
Asher,"30/10/2024, 19:55",Right,,7,7
Asher,"30/10/2024, 19:13",Left,16,,16
Asher,"30/10/2024, 18:00",Right,,16,16
Asher,"30/10/2024, 17:27",Left,14,,14
Asher,"30/10/2024, 16:42",Left,4,,4
Asher,"30/10/2024, 14:09",Right,8,10,18
Asher,"30/10/2024, 10:29",Left,12,,12
Asher,"30/10/2024, 04:12",Left,11,,11
Asher,"30/10/2024, 01:36",Right,3,13,16
Asher,"29/10/2024, 23:28",Right,5,10,15
Asher,"29/10/2024, 19:32",Right,,12,12
Asher,"29/10/2024, 19:15",Left,8,,8
Asher,"29/10/2024, 17:43",Right,,8,8
Asher,"29/10/2024, 17:12",Left,10,,10
Asher,"29/10/2024, 16:00",Right,,5,5
Asher,"29/10/2024, 15:37",Right,3,9,12
Asher,"29/10/2024, 14:42",Left,10,,10
Asher,"29/10/2024, 13:00",Right,,10,10
Asher,"29/10/2024, 12:40",Left,13,,13
Asher,"29/10/2024, 10:10",Left,4,,4
Asher,"29/10/2024, 08:43",Right,,7,7
Asher,"29/10/2024, 08:01",Right,,4,4
Asher,"29/10/2024, 06:05",Left,8,,8
Asher,"29/10/2024, 06:05",Left,11,,11
Asher,"29/10/2024, 05:05",Right,,5,5
Asher,"29/10/2024, 04:12",Left,14,12,26
Asher,"28/10/2024, 22:27",Left,9,,9
Asher,"28/10/2024, 21:48",Right,,7,7
Asher,"28/10/2024, 21:33",Left,7,,7
Asher,"28/10/2024, 20:28",Right,,15,15
Asher,"28/10/2024, 19:54",Left,13,,13
Asher,"28/10/2024, 18:25",Right,10,13,23
Asher,"28/10/2024, 17:12",Left,8,,8
Asher,"28/10/2024, 15:12",Right,,4,4
Asher,"28/10/2024, 14:36",Left,18,,18
Asher,"28/10/2024, 13:28",Right,,10,10
Asher,"28/10/2024, 12:11",Left,12,,12
Asher,"28/10/2024, 09:01",Right,,15,15
Asher,"28/10/2024, 06:45",Left,8,,8
Asher,"28/10/2024, 05:08",Right,,10,10
Asher,"28/10/2024, 03:31",Left,9,,9
Asher,"27/10/2024, 23:31",Right,,7,7
Asher,"27/10/2024, 22:20",Left,11,,11
Asher,"27/10/2024, 20:48",Right,,8,8
Asher,"27/10/2024, 20:07",Left,8,,8
Asher,"27/10/2024, 19:31",Left,9,,9
Asher,"27/10/2024, 19:04",Right,,12,12
Asher,"27/10/2024, 17:20",Left,8,,8
Asher,"27/10/2024, 17:03",Right,,13,13
Asher,"27/10/2024, 15:10",Right,7,10,17
Asher,"27/10/2024, 13:22",Right,7,6,13
Asher,"27/10/2024, 10:40",Right,,5,5
Asher,"27/10/2024, 09:30",Left,5,,5
Asher,"27/10/2024, 07:33",Left,9,,9
Asher,"27/10/2024, 05:58",Right,4,7,11
Asher,"27/10/2024, 04:32",Left,6,,6
Asher,"26/10/2024, 23:37",Left,,9,9
Asher,"26/10/2024, 21:25",Left,8,,8
Asher,"26/10/2024, 20:45",Left,6,,6
Asher,"26/10/2024, 19:11",Right,,21,21
Asher,"26/10/2024, 17:50",Left,12,10,22
Asher,"26/10/2024, 13:50",Right,,6,6
Asher,"26/10/2024, 12:55",Left,5,,5
Asher,"26/10/2024, 10:57",Left,14,,14
Asher,"26/10/2024, 09:18",Left,7,,7
Asher,"26/10/2024, 07:08",Right,,6,6
Asher,"26/10/2024, 05:16",Left,8,5,13
Asher,"26/10/2024, 03:25",Right,,13,13
Asher,"25/10/2024, 22:32",Left,8,,8
Asher,"25/10/2024, 20:43",Right,,12,12
Asher,"25/10/2024, 19:26",Left,16,,16
Asher,"25/10/2024, 19:07",Right,,8,8
Asher,"25/10/2024, 15:52",Left,8,,8
Asher,"25/10/2024, 14:08",Right,,8,8
Asher,"25/10/2024, 12:38",Left,8,,8
Asher,"25/10/2024, 12:18",Left,,9,9
Asher,"25/10/2024, 10:18",Right,,8,8
Asher,"25/10/2024, 06:57",Left,5,,5
Asher,"25/10/2024, 04:24",Right,,10,10
Asher,"24/10/2024, 22:54",Right,,10,10
Asher,"24/10/2024, 20:02",Right,9,9,18
Asher,"24/10/2024, 18:41",Left,11,,11
Asher,"24/10/2024, 17:35",Right,,12,12
Asher,"24/10/2024, 15:54",Left,7,,7
Asher,"24/10/2024, 14:27",Left,6,,6
Asher,"24/10/2024, 12:45",Right,,12,12
Asher,"24/10/2024, 09:51",Left,12,,12
Asher,"24/10/2024, 08:45",Right,,9,9
Asher,"24/10/2024, 08:15",Left,12,,12
Asher,"24/10/2024, 05:43",Right,,9,9
Asher,"24/10/2024, 03:11",Left,9,,9
Asher,"23/10/2024, 22:39",Left,8,,8
Asher,"23/10/2024, 21:22",Right,,12,12
Asher,"23/10/2024, 20:16",Right,12,11,23
Asher,"23/10/2024, 18:40",Left,10,,10
Asher,"23/10/2024, 17:00",Right,,15,15
Asher,"23/10/2024, 14:00",Right,11,15,26
Asher,"23/10/2024, 11:15",Left,10,,10
Asher,"23/10/2024, 09:30",Right,,8,8
Asher,"23/10/2024, 06:32",Left,8,,8
Asher,"23/10/2024, 04:56",Right,,5,5
Asher,"23/10/2024, 02:46",Left,13,,13
Asher,"22/10/2024, 22:12",Left,15,,15
Asher,"22/10/2024, 21:22",Right,,10,10
Asher,"22/10/2024, 19:57",Left,10,4,14
Asher,"22/10/2024, 18:15",Right,,14,14
Asher,"22/10/2024, 16:35",Left,8,,8
Asher,"22/10/2024, 15:40",Left,4,,4
Asher,"22/10/2024, 14:25",Right,,14,14
Asher,"22/10/2024, 13:11",Left,9,,9
Asher,"22/10/2024, 12:17",Left,10,,10
Asher,"22/10/2024, 11:14",Right,,4,4
Asher,"22/10/2024, 10:08",Left,7,,7
Asher,"22/10/2024, 06:01",Left,11,,11
Asher,"22/10/2024, 04:13",Right,5,5,10
Asher,"22/10/2024, 00:35",Left,8,,8
Asher,"21/10/2024, 22:51",Right,,19,19
Asher,"21/10/2024, 21:05",Right,,8,8
Asher,"21/10/2024, 19:46",Left,9,,9
Asher,"21/10/2024, 19:40",Left,6,,6
Asher,"21/10/2024, 18:24",Right,,9,9
Asher,"21/10/2024, 16:42",Left,7,,7
Asher,"21/10/2024, 15:18",Right,,9,9
Asher,"21/10/2024, 13:54",Left,9,,9
Asher,"21/10/2024, 10:46",Right,,20,20
Asher,"21/10/2024, 09:38",Right,12,12,24
Asher,"21/10/2024, 06:56",Left,9,,9
Asher,"21/10/2024, 04:52",Left,9,,9
Asher,"21/10/2024, 03:35",Right,,11,11
Asher,"20/10/2024, 23:24",Left,12,,12
Asher,"20/10/2024, 20:30",Right,,7,7
Asher,"20/10/2024, 19:33",Left,7,,7
Asher,"20/10/2024, 17:40",Right,,19,19
Asher,"20/10/2024, 14:50",Left,10,,10
Asher,"20/10/2024, 11:50",Left,14,,14
Asher,"20/10/2024, 10:25",,10,12,22
Asher,"20/10/2024, 08:02",Left,13,,13
Asher,"20/10/2024, 07:43",Right,,5,5
Asher,"20/10/2024, 06:38",Right,,8,8
Asher,"20/10/2024, 03:42",Left,10,,10
Asher,"20/10/2024, 01:10",Right,,14,14
Asher,"19/10/2024, 19:25",,5,5,10
Asher,"19/10/2024, 18:05",Left,7,,7
Asher,"19/10/2024, 16:49",Right,,7,7
Asher,"19/10/2024, 15:37",Left,7,,7
Asher,"19/10/2024, 13:05",Right,,10,10
Asher,"19/10/2024, 11:45",Left,9,,9
Asher,"19/10/2024, 09:37",Left,12,,12
Asher,"19/10/2024, 08:01",Right,,9,9
Asher,"19/10/2024, 05:59",Left,10,,10
Asher,"19/10/2024, 02:58",Right,,15,15
Asher,"19/10/2024, 00:38",Right,,4,4
Asher,"18/10/2024, 23:41",Left,11,,11
Asher,"18/10/2024, 19:50",Right,6,1,7
Asher,"18/10/2024, 17:08",Left,8,,8
Asher,"18/10/2024, 15:48",Left,3,13,16
Asher,"18/10/2024, 13:33",Left,8,,8
Asher,"18/10/2024, 09:55",Right,,7,7
Asher,"18/10/2024, 08:45",Left,5,,5
Asher,"18/10/2024, 07:12",Left,8,,8
Asher,"18/10/2024, 06:36",Right,,8,8
Asher,"18/10/2024, 03:42",Left,10,,10
Asher,"18/10/2024, 01:23",Right,,6,6
Asher,"17/10/2024, 20:36",Left,9,,9
Asher,"17/10/2024, 20:13",Left,10,,10
Asher,"17/10/2024, 17:15",Left,12,,12
Asher,"17/10/2024, 15:06",Left,7,,7
Asher,"17/10/2024, 13:30",Right,,16,16
Asher,"17/10/2024, 12:12",Left,13,,13
Asher,"17/10/2024, 09:55",Left,14,,14
Asher,"17/10/2024, 08:56",Right,,8,8
Asher,"17/10/2024, 07:20",Left,7,,7
Asher,"17/10/2024, 05:44",Right,,12,12
Asher,"17/10/2024, 03:51",Left,7,,7
Asher,"16/10/2024, 20:53",Left,12,,12
Asher,"16/10/2024, 19:38",Right,,14,14
Asher,"16/10/2024, 17:48",Left,7,,7
Asher,"16/10/2024, 13:02",Left,14,,14
Asher,"16/10/2024, 09:55",Right,,9,9
Asher,"16/10/2024, 08:25",Left,6,,6
Asher,"16/10/2024, 07:01",Right,,9,9
Asher,"16/10/2024, 05:35",Left,12,,12
Asher,"16/10/2024, 02:30",Left,8,,8
Asher,"16/10/2024, 01:30",Right,,8,8
Asher,"16/10/2024, 00:38",Left,8,,8
Asher,"16/10/2024, 00:02",Right,,10,10
Asher,"15/10/2024, 22:58",Left,13,,13
Asher,"15/10/2024, 21:46",Left,8,9,17
Asher,"15/10/2024, 20:46",Left,5,,5
Asher,"15/10/2024, 16:54",Left,10,,10
Asher,"15/10/2024, 16:31",Right,,14,14
Asher,"15/10/2024, 15:18",Left,5,,5
Asher,"15/10/2024, 13:38",Left,9,,9
Asher,"15/10/2024, 11:43",Right,,13,13
Asher,"15/10/2024, 11:20",Left,6,,6
Asher,"15/10/2024, 10:30",Right,,5,5
Asher,"15/10/2024, 09:29",Left,18,,18
Asher,"15/10/2024, 07:20",Left,21,,21
Asher,"15/10/2024, 05:32",Right,,6,6
Asher,"15/10/2024, 00:10",Left,28,,28
Asher,"14/10/2024, 23:21",Right,,22,22
Asher,"14/10/2024, 21:49",Left,13,,13
Asher,"14/10/2024, 21:26",Right,,9,9
Asher,"14/10/2024, 20:20",Left,8,,8
Asher,"14/10/2024, 19:43",Left,8,11,19
Asher,"14/10/2024, 18:23",Right,,10,10
Asher,"14/10/2024, 17:48",Left,9,,9
Asher,"14/10/2024, 16:35",Right,,8,8
Asher,"14/10/2024, 15:55",Left,9,,9
Asher,"14/10/2024, 15:20",Left,7,,7
Asher,"14/10/2024, 12:49",Right,6,7,13
Asher,"14/10/2024, 11:00",Left,14,,14
Asher,"14/10/2024, 08:02",Left,13,,13
Asher,"14/10/2024, 06:46",Right,,9,9
Asher,"14/10/2024, 05:22",Left,6,,6
Asher,"14/10/2024, 04:21",Left,12,,12
Asher,"14/10/2024, 01:49",Right,,10,10
Asher,"13/10/2024, 22:47",Left,10,,10
Asher,"13/10/2024, 20:46",Left,12,,12
Asher,"13/10/2024, 20:32",Right,,11,11
Asher,"13/10/2024, 20:02",Left,10,,10
Asher,"13/10/2024, 18:04",Right,,7,7
Asher,"13/10/2024, 16:17",Left,10,,10
Asher,"13/10/2024, 13:38",Right,6,6,12
Asher,"13/10/2024, 08:50",Left,8,,8
Asher,"13/10/2024, 07:05",Left,1,11,12
Asher,"13/10/2024, 04:08",Left,11,,11
Asher,"13/10/2024, 01:30",Left,6,6,12
Asher,"12/10/2024, 22:28",Right,,9,9
Asher,"12/10/2024, 21:28",Left,13,,13
Asher,"12/10/2024, 20:46",Right,,8,8
Asher,"12/10/2024, 19:07",Left,10,,10
Asher,"12/10/2024, 18:20",Left,13,,13
Asher,"12/10/2024, 13:44",Right,,13,13
Asher,"12/10/2024, 12:15",Left,10,,10
Asher,"12/10/2024, 11:50",Right,,12,12
Asher,"12/10/2024, 10:21",Left,6,,6
Asher,"12/10/2024, 09:52",Right,,8,8
Asher,"12/10/2024, 07:15",Left,10,,10
Asher,"12/10/2024, 05:46",Left,6,,6
Asher,"12/10/2024, 04:18",Right,,8,8
Asher,"12/10/2024, 03:34",Left,9,,9
Asher,"12/10/2024, 01:33",Right,,10,10
Asher,"11/10/2024, 22:22",Left,13,,13
Asher,"11/10/2024, 21:01",Left,5,,5
Asher,"11/10/2024, 20:44",Right,,5,5
Asher,"11/10/2024, 20:35",Right,,5,5
Asher,"11/10/2024, 19:35",Left,7,,7
Asher,"11/10/2024, 18:09",Left,12,,12
Asher,"11/10/2024, 16:19",Right,,8,8
Asher,"11/10/2024, 13:17",Right,24,2,26
Asher,"11/10/2024, 10:46",Left,12,,12
Asher,"11/10/2024, 05:39",Left,12,,12
Asher,"11/10/2024, 04:09",Right,,10,10
Asher,"11/10/2024, 00:21",Left,12,,12
Asher,"10/10/2024, 23:09",Right,,6,6
Asher,"10/10/2024, 22:00",Left,17,,17
Asher,"10/10/2024, 20:43",Left,21,,21
Asher,"10/10/2024, 18:56",Left,,5,5
Asher,"10/10/2024, 18:03",Left,10,,10
Asher,"10/10/2024, 17:32",Right,,12,12
Asher,"10/10/2024, 16:29",Left,8,,8
Asher,"10/10/2024, 15:35",Right,,15,15
Asher,"10/10/2024, 14:18",Left,9,,9
Asher,"10/10/2024, 12:39",Right,,9,9
Asher,"10/10/2024, 10:34",Left,6,,6
Asher,"10/10/2024, 06:40",Right,,5,5
Asher,"10/10/2024, 05:15",Right,,12,12
Asher,"10/10/2024, 02:29",Left,7,,7
Asher,"09/10/2024, 22:35",Left,7,,7
Asher,"09/10/2024, 21:39",Right,,18,18
Asher,"09/10/2024, 19:45",Left,5,,5
Asher,"09/10/2024, 18:10",Left,8,,8
Asher,"09/10/2024, 17:53",Right,,11,11
Asher,"09/10/2024, 17:35",Left,5,,5
Asher,"09/10/2024, 15:38",Right,,10,10
Asher,"09/10/2024, 14:01",Right,,6,6
Asher,"09/10/2024, 12:33",Left,13,,13
Asher,"09/10/2024, 11:00",Left,11,,11
Asher,"09/10/2024, 09:59",Left,8,,8
Asher,"09/10/2024, 09:40",Right,,9,9
Asher,"09/10/2024, 07:54",Left,8,,8
Asher,"09/10/2024, 05:13",Right,,9,9
Asher,"08/10/2024, 21:53",Left,12,,12
Asher,"08/10/2024, 21:14",Right,,14,14
Asher,"08/10/2024, 21:01",Left,8,,8
Asher,"08/10/2024, 20:32",Left,5,,5
Asher,"08/10/2024, 19:30",Left,9,,9
Asher,"08/10/2024, 19:00",Right,,15,15
Asher,"08/10/2024, 18:18",Left,16,,16
Asher,"08/10/2024, 17:20",Right,,11,11
Asher,"08/10/2024, 16:34",Left,12,,12
Asher,"08/10/2024, 14:56",Right,,4,4
Asher,"08/10/2024, 14:28",Left,4,,4
Asher,"08/10/2024, 13:11",Left,10,,10
Asher,"08/10/2024, 09:54",Left,5,,5
Asher,"08/10/2024, 09:19",Right,6,5,11
Asher,"08/10/2024, 08:18",Right,5,7,12
Asher,"08/10/2024, 06:00",Left,14,,14
Asher,"08/10/2024, 03:28",Left,9,,9
Asher,"08/10/2024, 01:40",Right,,8,8
Asher,"08/10/2024, 00:02",Left,11,,11
Asher,"07/10/2024, 21:22",Left,12,,12
Asher,"07/10/2024, 21:03",Right,,6,6
Asher,"07/10/2024, 20:23",Left,14,,14
Asher,"07/10/2024, 19:10",Right,,11,11
Asher,"07/10/2024, 18:44",Left,14,,14
Asher,"07/10/2024, 16:00",Left,6,,6
Asher,"07/10/2024, 14:50",Right,,11,11
Asher,"07/10/2024, 12:44",Left,10,,10
Asher,"07/10/2024, 06:28",Right,,7,7
Asher,"07/10/2024, 03:40",Left,6,,6
Asher,"07/10/2024, 03:10",Left,10,,10
Asher,"06/10/2024, 23:49",Right,,11,11
Asher,"06/10/2024, 19:39",Right,6,6,12
Asher,"06/10/2024, 18:08",Left,12,,12
Asher,"06/10/2024, 16:38",Right,,6,6
Asher,"06/10/2024, 15:53",Left,11,,11
Asher,"06/10/2024, 15:19",Right,,8,8
Asher,"06/10/2024, 12:25",Left,13,,13
Asher,"06/10/2024, 07:41",Left,14,,14
Asher,"06/10/2024, 04:40",Left,12,,12
Asher,"06/10/2024, 04:11",Right,,13,13
Asher,"06/10/2024, 01:10",Left,16,,16
Asher,"06/10/2024, 00:26",Left,11,,11
Asher,"05/10/2024, 20:30",Left,11,,11
Asher,"05/10/2024, 19:52",Left,12,,12
Asher,"05/10/2024, 19:26",Right,,19,19
Asher,"05/10/2024, 18:00",Left,14,,14
Asher,"05/10/2024, 17:00",Left,3,,3
Asher,"05/10/2024, 14:57",Right,,5,5
Asher,"05/10/2024, 14:27",Right,,9,9
Asher,"05/10/2024, 13:16",Left,8,,8
Asher,"05/10/2024, 11:17",Left,13,,13
Asher,"05/10/2024, 10:35",Right,13,7,20
Asher,"05/10/2024, 04:40",Right,,16,16
Asher,"05/10/2024, 03:30",Left,14,,14
Asher,"05/10/2024, 00:50",Right,,11,11
Asher,"04/10/2024, 22:38",Left,9,,9
Asher,"04/10/2024, 20:53",Right,,7,7
Asher,"04/10/2024, 20:23",Left,9,,9
Asher,"04/10/2024, 19:38",Right,7,4,11
Asher,"04/10/2024, 18:35",Left,19,,19
Asher,"04/10/2024, 17:04",Left,16,,16
Asher,"04/10/2024, 13:32",Right,,7,7
Asher,"04/10/2024, 13:03",Left,10,,10
Asher,"04/10/2024, 11:23",Left,22,,22
Asher,"04/10/2024, 06:43",Left,12,,12
Asher,"04/10/2024, 04:30",Left,19,,19
Asher,"04/10/2024, 03:47",Right,,8,8
Asher,"04/10/2024, 01:01",Left,9,,9
Asher,"03/10/2024, 21:43",Right,,7,7
Asher,"03/10/2024, 20:58",Left,12,,12
Asher,"03/10/2024, 20:26",Left,12,,12
Asher,"03/10/2024, 17:41",Left,7,,7
Asher,"03/10/2024, 15:27",Right,,17,17
Asher,"03/10/2024, 14:05",Left,11,,11
Asher,"03/10/2024, 11:30",Right,,13,13
Asher,"03/10/2024, 11:04",Left,3,,3
Asher,"03/10/2024, 04:54",Left,11,,11
Asher,"03/10/2024, 03:25",Right,,17,17
Asher,"03/10/2024, 03:00",Left,6,,6
Asher,"03/10/2024, 00:21",Left,4,,4
Asher,"02/10/2024, 23:39",Right,8,9,17
Asher,"02/10/2024, 20:39",Left,15,,15
Asher,"02/10/2024, 18:02",Left,6,,6
Asher,"02/10/2024, 17:12",Right,,15,15
Asher,"02/10/2024, 16:25",Left,12,,12
Asher,"02/10/2024, 15:24",Right,,12,12
Asher,"02/10/2024, 13:35",Left,9,,9
Asher,"02/10/2024, 11:30",Right,,5,5
Asher,"02/10/2024, 10:44",Left,14,,14
Asher,"02/10/2024, 09:15",Left,10,,10
Asher,"02/10/2024, 08:15",Left,15,,15
Asher,"02/10/2024, 03:41",Right,,11,11
Asher,"02/10/2024, 00:38",Left,8,,8
Asher,"02/10/2024, 00:26",Right,,12,12
Asher,"01/10/2024, 22:52",Left,10,,10
Asher,"01/10/2024, 22:06",Right,,10,10
Asher,"01/10/2024, 21:04",Left,27,,27
Asher,"01/10/2024, 20:30",Right,,5,5
Asher,"01/10/2024, 19:49",Right,,10,10
Asher,"01/10/2024, 18:17",Left,8,,8
Asher,"01/10/2024, 16:37",Right,,9,9
Asher,"01/10/2024, 15:15",Left,10,,10
Asher,"01/10/2024, 14:08",Left,6,,6
Asher,"01/10/2024, 12:37",Left,8,,8
Asher,"01/10/2024, 12:02",Left,8,,8
Asher,"01/10/2024, 09:35",Left,5,,5
Asher,"01/10/2024, 08:40",Left,13,,13
Asher,"01/10/2024, 06:16",Left,10,,10
Asher,"01/10/2024, 02:00",Left,20,,20
Asher,"30/09/2024, 22:36",Left,25,,25
Asher,"30/09/2024, 21:17",Right,,16,16
Asher,"30/09/2024, 18:34",Left,11,,11
Asher,"30/09/2024, 18:25",Left,4,,4
Asher,"30/09/2024, 13:35",Left,9,,9
Asher,"30/09/2024, 13:03",Right,11,5,16
Asher,"30/09/2024, 12:32",Left,6,,6
Asher,"30/09/2024, 10:11",Right,,10,10
Asher,"30/09/2024, 09:17",Left,6,,6
Asher,"30/09/2024, 07:38",Right,,13,13
Asher,"30/09/2024, 04:59",Left,9,2,11
Asher,"30/09/2024, 02:49",Left,14,,14
Asher,"30/09/2024, 02:23",Left,8,,8
Asher,"29/09/2024, 23:14",Left,12,,12
Asher,"29/09/2024, 21:57",Left,18,,18
Asher,"29/09/2024, 21:15",,10,10,20
Asher,"29/09/2024, 19:44",Left,12,,12
Asher,"29/09/2024, 17:50",Right,,17,17
Asher,"29/09/2024, 17:10",Left,16,,16
Asher,"29/09/2024, 15:27",Left,14,,14
Asher,"29/09/2024, 14:40",Left,7,,7
Asher,"29/09/2024, 14:20",Left,6,,6
Asher,"29/09/2024, 13:06",Right,,13,13
Asher,"29/09/2024, 10:36",Left,16,,16
Asher,"29/09/2024, 10:20",Right,,5,5
Asher,"29/09/2024, 08:50",Left,15,,15
Asher,"29/09/2024, 08:30",Right,,9,9
Asher,"29/09/2024, 06:06",Right,,9,9
Asher,"29/09/2024, 03:25",Left,10,,10
Asher,"28/09/2024, 22:56",Right,16,14,30
Asher,"28/09/2024, 21:54",Left,11,,11
Asher,"28/09/2024, 21:03",Right,,15,15
Asher,"28/09/2024, 19:41",Left,27,,27
Asher,"28/09/2024, 19:17",Left,7,,7
Asher,"28/09/2024, 18:22",Right,,6,6
Asher,"28/09/2024, 16:25",Left,10,6,16
Asher,"28/09/2024, 13:53",Right,,8,8
Asher,"28/09/2024, 12:19",Left,11,,11
Asher,"28/09/2024, 08:08",Right,,4,4
Asher,"28/09/2024, 04:16",Left,14,,14
Asher,"28/09/2024, 00:42",Right,,12,12
Asher,"27/09/2024, 23:48",Left,13,,13
Asher,"27/09/2024, 22:38",Right,,7,7
Asher,"27/09/2024, 22:11",Left,21,,21
Asher,"27/09/2024, 20:45",Left,13,,13
Asher,"27/09/2024, 20:27",Left,6,,6
Asher,"27/09/2024, 19:01",Right,15,12,27
Asher,"27/09/2024, 16:09",Right,11,9,20
Asher,"27/09/2024, 14:38",Left,5,,5
Asher,"27/09/2024, 13:38",Left,15,,15
Asher,"27/09/2024, 11:05",Right,,12,12
Asher,"27/09/2024, 10:14",Left,8,,8
Asher,"27/09/2024, 07:45",Left,8,,8
Asher,"27/09/2024, 05:16",Left,11,,11
Asher,"27/09/2024, 04:09",Left,12,,12
Asher,"27/09/2024, 03:52",Left,10,,10
Asher,"27/09/2024, 01:38",Right,4,10,14
Asher,"26/09/2024, 21:54",Left,8,,8
Asher,"26/09/2024, 21:46",Left,6,,6
Asher,"26/09/2024, 18:59",Left,9,,9
Asher,"26/09/2024, 18:25",Left,8,,8
Asher,"26/09/2024, 17:45",Right,,12,12
Asher,"26/09/2024, 16:46",Right,,15,15
Asher,"26/09/2024, 15:31",Left,18,,18
Asher,"26/09/2024, 13:14",Right,,10,10
Asher,"26/09/2024, 09:45",Left,10,,10
Asher,"26/09/2024, 08:50",Right,,5,5
Asher,"26/09/2024, 06:53",Left,4,6,10
Asher,"26/09/2024, 05:11",Left,9,,9
Asher,"26/09/2024, 01:23",Left,15,,15
Asher,"25/09/2024, 23:04",Left,13,,13
Asher,"25/09/2024, 22:04",Right,,14,14
Asher,"25/09/2024, 21:03",Left,8,,8
Asher,"25/09/2024, 20:25",Right,,6,6
Asher,"25/09/2024, 19:54",Left,10,,10
Asher,"25/09/2024, 19:16",Right,,8,8
Asher,"25/09/2024, 19:01",Right,,8,8
Asher,"25/09/2024, 17:15",Left,23,,23
Asher,"25/09/2024, 16:10",Left,16,,16
Asher,"25/09/2024, 14:50",Right,,10,10
Asher,"25/09/2024, 13:34",Left,12,,12
Asher,"25/09/2024, 12:40",Left,10,,10
Asher,"25/09/2024, 10:16",Left,20,,20
Asher,"25/09/2024, 07:20",Right,,8,8
Asher,"25/09/2024, 06:54",Left,15,,15
Asher,"25/09/2024, 02:44",Left,13,,13
Asher,"25/09/2024, 02:08",Right,,12,12
Asher,"25/09/2024, 01:32",Left,19,,19
Asher,"25/09/2024, 00:29",Right,,8,8
Asher,"24/09/2024, 22:43",Left,10,,10
Asher,"24/09/2024, 21:12",Right,,6,6
Asher,"24/09/2024, 19:50",Left,12,,12
Asher,"24/09/2024, 17:52",Left,11,,11
Asher,"24/09/2024, 16:55",Right,,21,21
Asher,"24/09/2024, 16:18",Left,13,,13
Asher,"24/09/2024, 15:07",Left,11,,11
Asher,"24/09/2024, 13:03",Right,,5,5
Asher,"24/09/2024, 11:55",Right,,13,13
Asher,"24/09/2024, 11:01",Left,10,,10
Asher,"24/09/2024, 08:48",Left,16,,16
Asher,"24/09/2024, 05:07",Left,11,,11
Asher,"24/09/2024, 01:54",Left,8,,8
Asher,"24/09/2024, 01:28",Right,,19,19
Asher,"23/09/2024, 22:33",Left,13,,13
Asher,"23/09/2024, 21:40",Right,5,5,10
Asher,"23/09/2024, 21:20",Right,,10,10
Asher,"23/09/2024, 19:40",Right,,22,22
Asher,"23/09/2024, 17:49",Left,12,,12
Asher,"23/09/2024, 17:22",Left,13,,13
Asher,"23/09/2024, 15:55",Right,,10,10
Asher,"23/09/2024, 14:01",Left,17,,17
Asher,"23/09/2024, 12:50",Right,,8,8
Asher,"23/09/2024, 12:03",Left,12,,12
Asher,"23/09/2024, 10:40",Right,16,16,32
Asher,"23/09/2024, 08:35",Right,,15,15
Asher,"23/09/2024, 06:23",Left,35,,35
Asher,"23/09/2024, 00:26",Left,15,,15
Asher,"22/09/2024, 23:45",Right,,5,5
Asher,"22/09/2024, 23:20",Right,,7,7
Asher,"22/09/2024, 22:21",Left,10,,10
Asher,"22/09/2024, 21:37",Right,,7,7
Asher,"22/09/2024, 21:00",Left,6,,6
Asher,"22/09/2024, 20:10",Left,9,,9
Asher,"22/09/2024, 19:42",Right,,17,17
Asher,"22/09/2024, 18:20",Left,13,,13
Asher,"22/09/2024, 17:37",Right,,20,20
Asher,"22/09/2024, 16:04",Left,14,,14
Asher,"22/09/2024, 13:55",Right,,17,17
Asher,"22/09/2024, 13:09",Left,8,,8
Asher,"22/09/2024, 11:37",Left,20,,20
Asher,"22/09/2024, 09:49",Right,11,18,29
Asher,"22/09/2024, 07:45",Left,6,,6
Asher,"22/09/2024, 06:19",Left,20,,20
Asher,"22/09/2024, 04:35",Left,25,,25
Asher,"22/09/2024, 03:54",Right,,24,24
Asher,"22/09/2024, 01:18",Left,27,,27
Asher,"22/09/2024, 00:38",Left,15,,15
Asher,"22/09/2024, 00:05",Left,22,,22
Asher,"21/09/2024, 22:08",Left,15,,15
Asher,"21/09/2024, 21:03",Right,,20,20
Asher,"21/09/2024, 19:42",Left,12,,12
Asher,"21/09/2024, 16:32",Right,,19,19
Asher,"21/09/2024, 14:10",Left,13,,13
Asher,"21/09/2024, 12:01",Right,,13,13
Asher,"21/09/2024, 09:04",Left,14,,14
Asher,"21/09/2024, 08:04",Left,9,,9
Asher,"21/09/2024, 04:45",Left,13,,13
Asher,"21/09/2024, 03:25",Right,,10,10
Asher,"21/09/2024, 03:05",Right,,5,5
Asher,"21/09/2024, 02:05",Left,25,,25
Asher,"20/09/2024, 21:36",Left,14,,14
Asher,"20/09/2024, 21:00",Left,8,,8
Asher,"20/09/2024, 20:21",Right,,7,7
Asher,"20/09/2024, 19:27",Left,14,,14
Asher,"20/09/2024, 19:20",Right,,3,3
Asher,"20/09/2024, 18:04",Right,23,17,40
Asher,"20/09/2024, 15:40",Left,18,,18
Asher,"20/09/2024, 12:54",Right,,12,12
Asher,"20/09/2024, 12:15",Left,7,,7
Asher,"20/09/2024, 11:15",Left,9,,9
Asher,"20/09/2024, 10:41",Right,,18,18
Asher,"20/09/2024, 08:28",Left,24,,24
Asher,"20/09/2024, 06:13",Left,7,,7
Asher,"20/09/2024, 05:49",Right,,15,15
Asher,"20/09/2024, 03:04",Left,15,,15
Asher,"20/09/2024, 02:16",Left,19,,19
Asher,"19/09/2024, 22:30",Right,,8,8
Asher,"19/09/2024, 21:53",Left,15,,15
Asher,"19/09/2024, 20:30",Right,,18,18
Asher,"19/09/2024, 19:35",Left,10,,10
Asher,"19/09/2024, 19:18",Left,14,,14
Asher,"19/09/2024, 18:20",Right,,8,8
Asher,"19/09/2024, 16:47",Left,18,,18
Asher,"19/09/2024, 14:30",Left,4,,4
Asher,"19/09/2024, 13:47",Left,16,,16
Asher,"19/09/2024, 12:45",Right,,17,17
Asher,"19/09/2024, 10:17",Left,13,,13
Asher,"19/09/2024, 08:30",Right,,6,6
Asher,"19/09/2024, 06:30",Right,15,5,20
Asher,"19/09/2024, 05:34",Left,12,,12
Asher,"19/09/2024, 03:20",Left,10,,10
Asher,"19/09/2024, 01:50",Left,12,,12
Asher,"19/09/2024, 01:22",Right,16,1,17
Asher,"19/09/2024, 01:00",Right,,18,18
Asher,"19/09/2024, 00:32",Left,12,,12
Asher,"18/09/2024, 21:43",Left,11,,11
Asher,"18/09/2024, 21:03",Right,,18,18
Asher,"18/09/2024, 20:29",Right,,10,10
Asher,"18/09/2024, 18:35",Left,10,,10
Asher,"18/09/2024, 17:35",Left,15,,15
Asher,"18/09/2024, 16:15",Left,15,,15
Asher,"18/09/2024, 14:25",Right,,18,18
Asher,"18/09/2024, 13:42",Left,9,,9
Asher,"18/09/2024, 11:25",Right,,18,18
Asher,"18/09/2024, 10:05",Left,23,,23
Asher,"18/09/2024, 06:38",Left,24,,24
Asher,"18/09/2024, 00:42",Right,15,12,27
Asher,"17/09/2024, 22:50",Left,20,,20
Asher,"17/09/2024, 21:14",Left,12,,12
Asher,"17/09/2024, 19:44",Left,9,,9
Asher,"17/09/2024, 18:56",Right,,13,13
Asher,"17/09/2024, 16:25",Left,15,,15
Asher,"17/09/2024, 15:27",Right,10,9,19
Asher,"17/09/2024, 12:25",Left,7,,7
Asher,"17/09/2024, 11:31",Right,,9,9
Asher,"17/09/2024, 10:45",Left,18,,18
Asher,"17/09/2024, 08:34",Left,13,,13
Asher,"17/09/2024, 05:52",Left,10,,10
Asher,"17/09/2024, 04:55",Right,4,10,14
Asher,"17/09/2024, 03:45",Left,10,10,20
Asher,"17/09/2024, 02:10",Left,15,,15
Asher,"16/09/2024, 23:04",Left,14,,14
Asher,"16/09/2024, 22:01",Right,,21,21
Asher,"16/09/2024, 20:46",Left,18,,18
Asher,"16/09/2024, 18:34",Left,17,,17
Asher,"16/09/2024, 16:23",Right,,13,13
Asher,"16/09/2024, 14:46",Left,18,,18
Asher,"16/09/2024, 12:06",Left,15,,15
Asher,"16/09/2024, 11:10",Right,13,8,21
Asher,"16/09/2024, 09:55",Left,15,,15
Asher,"16/09/2024, 09:24",Right,,18,18
Asher,"16/09/2024, 08:00",Left,18,,18
Asher,"16/09/2024, 04:25",Left,12,,12
Asher,"16/09/2024, 03:58",Right,8,12,20
Asher,"15/09/2024, 23:43",Left,13,,13
Asher,"15/09/2024, 23:20",Right,,8,8
Asher,"15/09/2024, 23:01",Left,10,,10
Asher,"15/09/2024, 21:44",Right,15,23,38
Asher,"15/09/2024, 19:36",Left,10,,10
Asher,"15/09/2024, 18:27",Right,,12,12
Asher,"15/09/2024, 17:10",Left,7,,7
Asher,"15/09/2024, 16:32",Left,15,,15
Asher,"15/09/2024, 11:56",Left,16,,16
Asher,"15/09/2024, 10:48",Left,13,,13
Asher,"15/09/2024, 09:38",Right,,25,25
Asher,"15/09/2024, 05:10",Left,31,,31
Asher,"14/09/2024, 22:25",Left,16,,16
Asher,"14/09/2024, 21:37",Right,,17,17
Asher,"14/09/2024, 19:46",Left,15,,15
Asher,"14/09/2024, 18:57",Right,,19,19
Asher,"14/09/2024, 17:41",Right,17,6,23
Asher,"14/09/2024, 14:49",Left,16,,16
Asher,"14/09/2024, 13:57",Right,,12,12
Asher,"14/09/2024, 13:37",Right,,8,8
Asher,"14/09/2024, 12:15",Left,18,,18
Asher,"14/09/2024, 10:52",Left,12,,12
Asher,"14/09/2024, 09:03",Right,,21,21
Asher,"14/09/2024, 08:29",Left,23,,23
Asher,"14/09/2024, 07:20",Left,8,,8
Asher,"14/09/2024, 05:26",Left,21,,21
Asher,"14/09/2024, 02:45",Left,14,,14
Asher,"14/09/2024, 02:09",Right,,14,14
Asher,"14/09/2024, 01:07",Left,16,5,21
Asher,"13/09/2024, 21:30",,8,8,16
Asher,"13/09/2024, 20:46",Left,15,,15
Asher,"13/09/2024, 20:35",Left,4,,4
Asher,"13/09/2024, 20:34",Left,12,,12
Asher,"13/09/2024, 19:12",Right,,17,17
Asher,"13/09/2024, 18:55",Left,6,,6
Asher,"13/09/2024, 18:09",Right,,9,9
Asher,"13/09/2024, 17:07",Left,14,,14
Asher,"13/09/2024, 16:12",Right,,11,11
Asher,"13/09/2024, 14:33",Left,12,,12
Asher,"13/09/2024, 13:49",Right,,9,9
Asher,"13/09/2024, 13:17",Right,,9,9
Asher,"13/09/2024, 11:44",Left,16,,16
Asher,"13/09/2024, 09:23",Left,15,,15
Asher,"13/09/2024, 06:55",Right,,10,10
Asher,"13/09/2024, 05:35",Left,25,,25
Asher,"13/09/2024, 02:25",Left,15,,15
Asher,"13/09/2024, 02:00",Right,,12,12
Asher,"12/09/2024, 22:51",Right,16,,16
Asher,"12/09/2024, 21:23",Left,51,,51
Asher,"12/09/2024, 19:01",Right,,40,40
Asher,"12/09/2024, 15:47",Right,15,15,30
Asher,"12/09/2024, 13:15",Left,18,,18
Asher,"12/09/2024, 12:16",Right,,9,9
Asher,"12/09/2024, 10:46",Left,16,,16
Asher,"12/09/2024, 10:00",Right,,19,19
Asher,"12/09/2024, 09:20",Right,,18,18
Asher,"12/09/2024, 06:30",,10,10,20
Asher,"12/09/2024, 05:30",Right,,7,7
Asher,"12/09/2024, 05:06",Right,,16,16
Asher,"12/09/2024, 02:46",Right,17,,17
Asher,"12/09/2024, 00:10",Right,,15,15
Asher,"11/09/2024, 19:35",Left,13,,13
Asher,"11/09/2024, 19:08",Right,,13,13
Asher,"11/09/2024, 17:34",Right,12,9,21
Asher,"11/09/2024, 14:53",Right,,10,10
Asher,"11/09/2024, 14:15",Left,13,,13
Asher,"11/09/2024, 14:02",Left,7,,7
Asher,"11/09/2024, 11:00",Right,,10,10
Asher,"11/09/2024, 10:17",Left,15,,15
Asher,"11/09/2024, 06:57",Right,,13,13
Asher,"11/09/2024, 06:35",Left,9,,9
Asher,"11/09/2024, 03:51",Left,9,,9
Asher,"11/09/2024, 02:00",Left,30,,30
Asher,"11/09/2024, 01:39",Right,,13,13
Asher,"10/09/2024, 22:44",Left,13,,13
Asher,"10/09/2024, 20:29",Right,,19,19
Asher,"10/09/2024, 18:09",Left,21,,21
Asher,"10/09/2024, 17:34",Right,,10,10
Asher,"10/09/2024, 15:30",Right,23,,23
Asher,"10/09/2024, 12:40",Left,14,,14
Asher,"10/09/2024, 10:43",Right,,22,22
Asher,"10/09/2024, 08:40",Left,15,,15
Asher,"10/09/2024, 07:35",Left,25,,25
Asher,"10/09/2024, 04:34",Left,41,,41
Asher,"10/09/2024, 02:33",Right,,25,25
Asher,"10/09/2024, 00:34",Left,13,,13
Asher,"09/09/2024, 22:33",Left,12,,12
Asher,"09/09/2024, 21:08",Right,,17,17
Asher,"09/09/2024, 20:48",Right,,5,5
Asher,"09/09/2024, 19:35",Left,28,,28
Asher,"09/09/2024, 15:52",Left,14,20,34
Asher,"09/09/2024, 12:38",Right,,16,16
Asher,"09/09/2024, 09:45",Left,35,35,70
Asher,"09/09/2024, 06:14",Left,15,,15
Asher,"09/09/2024, 05:10",Left,27,,27
Asher,"09/09/2024, 01:05",Left,22,,22
Asher,"08/09/2024, 22:50",Left,17,,17
Asher,"08/09/2024, 21:26",Left,12,,12
Asher,"08/09/2024, 19:09",Right,,15,15
Asher,"08/09/2024, 16:27",Left,22,,22
Asher,"08/09/2024, 14:37",Right,,21,21
Asher,"08/09/2024, 13:34",Left,10,,10
Asher,"08/09/2024, 10:54",Left,25,,25
Asher,"08/09/2024, 08:00",Left,22,,22
Asher,"08/09/2024, 05:09",Left,14,,14
Asher,"08/09/2024, 04:03",Left,22,,22
Asher,"08/09/2024, 02:27",Left,15,,15
Asher,"08/09/2024, 01:33",Right,,25,25
Asher,"07/09/2024, 20:30",Left,31,,31
Asher,"07/09/2024, 17:02",Right,,48,48
Asher,"07/09/2024, 12:45",Left,19,,19
Asher,"07/09/2024, 10:21",Right,,21,21
Asher,"07/09/2024, 05:40",Left,10,,10
Asher,"07/09/2024, 00:30",Left,28,,28
Asher,"06/09/2024, 22:45",Right,11,22,33
Asher,"06/09/2024, 20:45",Right,,25,25
Asher,"06/09/2024, 18:45",Left,16,3,19
Asher,"06/09/2024, 17:17",Left,5,,5
Asher,"06/09/2024, 15:03",Right,,40,40
Asher,"06/09/2024, 13:16",Left,18,,18
Asher,"06/09/2024, 11:00",Right,,15,15
Asher,"05/09/2024, 19:45",Left,16,,16
Asher,"05/09/2024, 17:54",Right,,7,7
Asher,"05/09/2024, 15:11",Left,20,,20
Asher,"05/09/2024, 14:24",Right,,3,3
Asher,"05/09/2024, 13:57",Right,,15,15
Asher,"05/09/2024, 13:31",Left,5,,5
Asher,"05/09/2024, 11:35",Left,6,,6
Asher,"05/09/2024, 08:47",Left,10,,10
